Date,CO (mg/m3),CO 8h (mg/m3),NO (µg/m3),NOX (µg/m3),NO2,O3 (µg/m3),OZONO,O3 8h (µg/m3),PM10,"PM2,5",SO2
2024-01-03,0.36,0.39,29.6,99.6,54.5,8.6,8.6,15.4,14.08,8.14,1.0
2024-01-04,0.18,0.16,7.75,42.38,30.38,35.25,35.25,32.44,14.4,8.64,1.81
2024-01-05,0.19,0.18,4.68,28.73,21.59,46.09,46.09,44.77,7.88,4.18,3.0
2024-01-06,0.26,0.26,4.05,28.14,22.09,45.95,45.95,45.41,5.77,3.18,1.86
2024-01-07,0.22,0.22,4.82,34.18,27.14,41.64,41.64,44.68,6.9,4.07,1.0
2024-01-08,0.22,0.19,21.22,64.89,32.78,23.22,23.22,28.0,6.52,4.53,1.0
2024-01-10,0.34,0.36,29.67,85.2,39.8,12.07,12.07,9.87,22.31,18.14,0.87
2024-01-11,0.29,0.28,24.58,75.21,37.79,14.95,14.95,17.16,13.31,10.74,0.63
2024-01-12,0.34,0.31,35.7,92.7,38.05,10.5,10.5,11.0,16.76,14.09,0.95
2024-01-13,0.28,0.31,17.33,64.6,38.33,16.27,16.27,15.73,15.15,11.86,0.4
2024-01-14,0.3,0.26,17.09,61.32,35.32,13.82,13.82,17.73,13.32,8.37,0.5
2024-01-15,0.5,0.48,63.82,139.14,41.45,8.5,8.5,8.36,11.01,7.67,1.09
2024-01-16,0.33,0.42,22.5,63.67,29.33,19.42,19.42,15.92,14.36,9.84,1.17
2024-01-17,0.17,0.18,1.86,11.27,8.18,49.73,49.73,45.32,10.67,6.44,1.0
2024-01-18,0.25,0.24,2.86,18.21,13.93,53.71,53.71,53.5,6.18,3.51,1.0
2024-01-19,0.28,0.28,9.0,39.86,26.23,51.45,51.45,52.91,9.52,5.75,1.05
2024-01-20,0.29,0.29,19.45,72.45,42.86,27.14,27.14,30.64,11.06,7.97,1.27
2024-01-21,0.24,0.23,11.65,53.65,35.7,36.3,36.3,33.0,9.83,7.91,1.04
2024-01-22,0.33,0.33,11.0,47.23,30.55,43.95,43.95,41.73,6.98,4.74,1.0
2024-01-23,0.42,0.39,43.86,103.5,36.23,24.41,24.41,32.36,12.28,8.26,1.91
2024-01-24,0.42,0.41,53.75,115.5,33.12,14.56,14.56,13.69,15.15,9.15,2.81
2024-01-25,0.42,0.47,48.15,111.15,37.69,19.08,19.08,14.92,23.02,13.64,2.92
2024-01-26,0.46,0.54,47.88,111.81,38.56,15.75,15.75,14.81,29.26,20.27,3.56
2024-01-27,0.4,0.41,37.94,102.67,44.89,14.22,14.22,14.28,32.89,26.3,3.83
2024-01-28,0.25,0.27,4.3,31.15,24.8,41.8,41.8,36.9,18.39,13.55,2.55
2024-01-29,0.27,0.27,12.57,53.71,34.38,37.95,37.95,40.52,15.33,11.44,2.43
2024-01-30,0.32,0.31,18.42,63.47,35.21,31.16,31.16,33.58,18.96,13.33,2.32
2024-01-31,0.37,0.33,45.7,120.9,50.95,18.65,18.65,19.75,24.4,17.36,3.25
2024-02-01,0.35,0.38,37.72,103.78,46.06,23.83,23.83,19.67,41.88,26.57,3.44
2024-02-02,0.33,0.29,15.63,66.47,42.89,30.63,30.63,36.32,28.36,17.34,1.47
2024-02-03,0.29,0.31,6.0,40.91,32.09,33.0,33.0,32.55,15.27,12.08,0.73
2024-02-04,0.29,0.3,6.22,36.17,26.61,29.72,29.72,29.94,21.19,20.1,0.78
2024-02-05,0.29,0.31,8.13,42.13,30.07,30.4,30.4,29.33,27.92,26.11,0.67
2024-02-06,0.36,0.35,25.0,76.29,38.36,23.14,23.14,31.21,34.91,30.0,1.43
2024-02-07,0.32,0.38,27.25,69.5,27.75,33.33,33.33,27.25,34.36,25.01,1.83
2024-02-08,0.17,0.17,2.68,12.82,8.55,64.09,64.09,61.82,30.78,15.82,1.0
2024-02-09,0.28,0.25,5.8,30.05,21.25,49.45,49.45,54.55,9.58,4.12,1.15
2024-02-10,0.27,0.29,3.09,20.64,15.59,67.59,67.59,62.59,7.52,4.51,1.59
2024-02-11,0.23,0.23,1.91,15.09,12.23,61.18,61.18,61.5,8.81,5.66,1.14
2024-02-12,0.27,0.24,6.13,30.47,21.2,54.0,54.0,56.73,5.74,3.34,1.27
2024-02-13,0.37,0.35,28.71,82.81,38.76,26.05,26.05,28.81,14.25,8.16,2.24
2024-02-14,0.35,0.39,23.78,66.39,30.11,30.67,30.67,27.5,13.2,7.46,1.67
2024-02-15,0.26,0.25,6.15,32.35,23.1,49.3,49.3,46.3,13.76,6.47,2.2
2024-02-16,0.3,0.29,11.82,54.09,36.0,44.45,44.45,53.95,13.87,6.83,3.09
2024-02-17,0.29,0.29,19.5,66.75,37.0,26.75,26.75,29.25,16.41,10.92,3.2
2024-02-18,0.31,0.29,14.89,59.11,36.61,27.39,27.39,25.0,12.01,8.61,3.39
2024-02-19,0.29,0.32,6.38,39.88,30.19,45.06,45.06,41.44,11.46,8.38,3.19
2024-02-20,0.31,0.28,37.53,98.65,41.76,18.06,18.06,28.53,18.41,11.75,3.53
2024-02-21,0.34,0.4,39.65,102.71,42.0,23.35,23.35,16.12,24.96,14.94,3.59
2024-02-22,0.3,0.29,2.7,12.5,8.5,63.7,63.7,57.8,19.82,11.07,3.0
2024-02-23,0.17,0.16,3.29,24.0,18.86,70.71,70.71,62.71,9.25,5.03,3.0
2024-02-24,0.24,0.21,4.59,30.0,23.09,62.91,62.91,68.68,5.26,2.82,2.86
2024-02-25,0.22,0.22,2.5,16.59,13.05,58.23,58.23,58.27,7.14,4.21,3.05
2024-02-26,0.22,0.21,3.81,22.52,16.52,68.81,68.81,65.9,11.29,6.88,3.0
2024-02-27,0.22,0.24,3.12,21.19,16.88,68.19,68.19,68.38,14.35,8.57,2.44
2024-02-28,0.25,0.24,6.41,45.64,35.86,54.18,54.18,61.18,13.56,7.75,2.23
2024-02-29,0.25,0.26,16.86,60.73,34.91,40.91,40.91,35.36,13.29,9.0,2.18
2024-03-01,0.24,0.23,6.95,36.95,26.37,54.26,54.26,58.11,9.68,6.01,0.95
2024-03-02,0.22,0.24,2.73,22.41,17.86,69.73,69.73,66.73,6.11,3.9,1.14
2024-03-03,0.22,0.2,4.05,28.73,22.5,63.82,63.82,66.91,4.95,3.21,1.05
2024-03-04,0.29,0.26,18.56,70.62,42.44,36.06,36.06,41.5,8.64,5.8,1.25
2024-03-05,0.26,0.25,15.95,62.91,38.77,38.45,38.45,45.82,13.21,7.77,1.23
2024-03-06,0.3,0.28,34.68,102.0,49.21,23.37,23.37,25.53,21.64,12.23,2.63
2024-03-07,0.23,0.26,3.33,30.78,26.0,55.11,55.11,43.11,18.03,11.04,1.22
2024-03-08,0.21,0.22,3.32,21.27,16.32,68.77,68.77,70.73,8.78,4.72,0.95
2024-03-09,0.16,0.16,1.5,10.55,8.23,79.91,79.91,77.27,4.3,2.2,0.91
2024-03-10,0.21,0.2,1.68,13.73,11.18,76.23,76.23,78.86,3.44,1.99,1.05
2024-03-11,0.28,0.25,6.5,37.59,27.86,57.73,57.73,66.32,6.9,4.52,1.09
2024-03-12,0.35,0.37,14.0,64.27,42.91,22.82,22.82,20.27,13.81,9.4,1.73
2024-03-13,0.31,0.31,36.53,101.0,45.4,19.13,19.13,17.13,15.92,9.93,3.47
2024-03-14,0.26,0.31,12.88,55.38,35.56,40.0,40.0,30.69,21.74,11.91,1.56
2024-03-15,0.24,0.23,14.85,56.85,34.31,52.31,52.31,51.23,17.55,10.2,1.38
2024-03-16,0.26,0.27,13.42,49.84,29.26,35.11,35.11,33.95,16.22,10.77,1.79
2024-03-17,0.27,0.23,5.15,33.9,26.15,50.45,50.45,55.65,10.37,7.13,1.45
2024-03-18,0.31,0.29,13.87,52.8,31.73,33.27,33.27,34.53,16.12,11.65,1.73
2024-03-19,0.32,0.33,6.5,34.4,24.4,41.1,41.1,39.7,20.27,15.42,1.75
2024-03-20,0.3,0.28,8.44,37.72,24.83,41.72,41.72,44.5,24.64,20.87,1.17
2024-03-21,0.29,0.29,17.38,63.0,36.69,35.44,35.44,39.94,21.5,14.65,1.88
2024-03-22,0.3,0.28,22.38,64.75,30.69,29.94,29.94,26.44,31.54,25.73,2.06
2024-03-23,0.25,0.27,3.35,20.59,15.41,68.88,68.88,67.76,26.0,19.7,1.0
2024-03-24,0.18,0.15,2.6,23.6,19.67,63.33,63.33,65.73,14.44,8.7,1.33
2024-03-25,0.26,0.26,14.5,57.06,35.19,34.31,34.31,31.25,14.7,8.96,1.56
2024-03-26,0.18,0.17,5.77,32.18,23.64,59.0,59.0,62.95,11.05,5.84,1.09
2024-03-27,0.18,0.18,2.73,19.59,15.32,65.64,65.64,62.27,6.52,3.35,1.0
2024-03-28,0.21,0.21,0.91,9.27,7.77,81.64,81.64,82.0,8.9,4.46,1.14
2024-03-29,0.2,0.2,1.59,19.32,17.0,76.27,76.27,77.18,4.46,2.36,1.09
2024-03-30,0.22,0.2,3.35,28.65,23.61,52.17,52.17,56.22,5.06,3.57,1.52
2024-03-31,0.23,0.24,3.95,24.91,19.05,57.27,57.27,56.41,4.68,3.37,1.5
2024-04-01,0.21,0.21,1.55,17.64,15.18,71.68,71.68,71.05,4.98,3.26,1.05
2024-04-02,0.24,0.26,1.71,13.41,11.0,74.29,74.29,64.88,7.15,4.04,1.0
2024-04-03,0.14,0.15,3.65,20.87,15.17,68.65,68.65,68.87,6.45,3.5,1.0
2024-04-04,0.21,0.2,2.45,16.14,12.45,74.59,74.59,74.18,8.99,5.37,1.0
2024-04-05,0.23,0.23,2.23,20.45,16.95,74.27,74.27,72.32,10.32,5.21,1.09
2024-04-06,0.23,0.22,2.21,24.74,21.47,76.16,76.16,80.95,19.04,8.29,1.32
2024-04-07,0.31,0.3,6.68,39.64,29.77,42.77,42.77,51.05,29.95,15.7,1.14
2024-04-08,0.25,0.27,5.05,25.6,18.05,62.4,62.4,51.8,16.45,10.26,1.05
2024-04-09,0.24,0.24,3.91,26.14,20.27,67.55,67.55,73.45,10.99,5.8,1.23
2024-04-10,0.26,0.23,16.5,59.0,33.75,21.5,21.5,39.38,16.59,9.22,1.62
2024-04-11,0.25,0.24,14.68,51.64,29.14,43.18,43.18,42.68,16.63,9.52,1.64
2024-04-12,0.32,0.31,18.31,88.54,60.85,33.92,33.92,35.08,22.38,12.68,4.31
2024-04-13,0.26,0.26,11.86,55.9,38.0,40.71,40.71,38.57,23.48,13.68,2.9
2024-04-14,0.22,0.24,8.69,39.08,26.15,52.54,52.54,46.85,20.42,15.84,2.31
2024-04-15,0.17,0.17,5.2,30.7,22.9,57.75,57.75,57.55,15.71,12.1,1.0
2024-04-16,0.17,0.17,4.05,30.14,23.95,72.91,72.91,70.86,12.49,7.05,1.0
2024-04-17,0.18,0.18,3.07,25.71,21.07,70.57,70.57,75.71,13.56,7.42,1.21
2024-04-18,0.24,0.23,6.86,39.05,28.77,49.18,49.18,54.77,10.62,5.87,1.09
2024-04-19,0.25,0.25,14.36,49.14,27.14,42.68,42.68,40.41,13.81,8.11,1.73
2024-04-20,0.21,0.2,7.27,35.95,24.77,47.27,47.27,47.5,15.08,9.28,1.36
2024-04-21,0.19,0.19,3.5,20.82,15.77,62.05,62.05,59.77,14.04,9.16,1.32
2024-04-22,0.23,0.23,2.57,18.57,14.7,81.91,81.91,80.3,12.25,6.99,1.04
2024-04-23,0.28,0.27,5.59,34.64,26.09,66.0,66.0,69.86,9.81,5.36,1.14
2024-04-24,0.34,0.32,11.62,50.94,33.44,41.75,41.75,48.44,13.19,8.76,1.5
2024-04-25,0.39,0.37,14.93,63.6,41.0,26.2,26.2,34.6,15.21,9.62,1.8
2024-04-26,0.41,0.4,12.73,46.0,26.73,30.64,30.64,37.27,16.23,10.84,1.45
2024-04-27,0.39,0.39,3.95,28.32,22.45,55.09,55.09,58.86,11.28,7.6,1.45
2024-04-28,0.39,0.4,7.41,32.45,21.18,52.0,52.0,49.14,9.57,5.74,1.95
2024-04-29,0.46,0.42,14.5,47.29,25.07,36.57,36.57,57.93,13.01,7.58,1.86
2024-04-30,0.45,0.46,14.5,41.09,19.05,49.5,49.5,45.41,14.68,8.64,2.18
2024-05-01,0.42,0.41,5.36,26.41,18.14,67.73,67.73,69.64,8.81,5.03,1.77
2024-05-02,0.46,0.45,10.77,35.36,19.0,45.05,45.05,50.55,8.02,4.45,1.77
2024-05-03,0.52,0.51,8.47,30.8,18.07,44.53,44.53,48.27,11.34,7.15,1.47
2024-05-04,0.51,0.5,1.68,11.18,8.59,61.41,61.41,61.73,6.56,3.58,1.73
2024-05-05,0.55,0.55,1.81,15.19,12.43,63.67,63.67,61.67,5.83,3.51,1.9
2024-05-06,0.58,0.57,4.73,28.64,21.41,60.23,60.23,59.36,8.4,4.95,2.0
2024-05-07,0.58,0.58,3.68,24.32,18.91,67.95,67.95,69.23,12.67,7.26,1.95
2024-05-08,0.6,0.59,8.07,32.67,20.67,53.6,53.6,61.73,13.48,9.12,2.0
2024-05-09,0.68,0.66,15.05,53.21,30.32,39.68,39.68,40.26,17.88,12.85,2.26
2024-05-10,0.69,0.69,17.55,61.91,35.41,46.05,46.05,42.23,23.78,15.87,2.55
2024-05-11,0.72,0.71,7.27,42.77,31.73,47.23,47.23,49.82,24.23,17.31,2.45
2024-05-12,0.67,0.68,2.16,20.37,17.21,64.21,64.21,66.68,21.13,17.93,2.0
2024-05-13,0.73,0.73,11.08,40.31,23.54,37.54,37.54,40.62,18.95,14.26,2.0
2024-05-14,0.84,0.83,9.5,41.05,26.65,38.0,38.0,42.5,12.48,8.07,2.0
2024-05-15,0.82,0.82,9.43,39.13,24.91,37.65,37.65,36.43,12.25,7.88,2.09
2024-05-16,0.76,0.76,7.14,31.77,20.68,47.14,47.14,47.91,10.03,6.63,2.0
2024-05-17,0.79,0.78,7.77,35.68,24.05,47.0,47.0,52.14,11.6,7.45,2.09
2024-05-18,0.8,0.79,6.82,31.41,21.05,37.64,37.64,38.41,12.24,9.27,2.05
2024-05-19,0.78,0.78,3.61,23.11,17.94,56.44,56.44,54.44,10.85,8.05,2.06
2024-05-20,0.78,0.78,5.36,27.59,19.82,51.14,51.14,55.5,8.6,5.57,2.0
2024-05-21,0.76,0.78,6.28,32.56,23.17,49.67,49.67,49.33,15.79,10.48,2.06
2024-05-22,0.75,0.73,16.33,51.67,26.67,28.67,28.67,30.67,14.2,9.64,2.17
2024-05-23,0.72,0.73,4.46,24.46,17.92,61.69,61.69,59.77,11.78,7.21,2.08
2024-05-24,0.72,0.72,3.38,28.69,23.69,51.75,51.75,56.56,17.58,11.32,2.69
2024-05-25,0.79,0.75,8.0,46.2,34.0,17.4,17.4,36.4,18.02,11.86,2.4
2024-05-26,0.91,0.91,3.0,25.56,21.11,51.17,51.17,47.83,13.04,9.46,2.17
2024-05-27,0.88,0.88,8.27,36.32,23.95,51.73,51.73,52.0,12.52,8.29,2.0
2024-05-28,0.93,0.93,12.52,45.86,26.9,42.76,42.76,41.9,14.94,8.88,2.48
2024-05-29,0.97,0.94,2.0,25.33,22.0,42.67,42.67,57.67,18.0,11.8,2.0
2024-05-30,0.93,0.94,6.07,33.0,23.87,47.0,47.0,41.27,17.03,13.12,2.0
2024-05-31,0.87,0.87,4.59,29.5,22.55,59.55,59.55,60.59,13.44,8.16,2.0
2024-06-01,0.89,0.88,4.32,26.09,19.55,50.18,50.18,49.86,13.85,8.89,2.0
2024-06-02,0.89,0.88,2.0,16.61,13.61,58.22,58.22,59.11,11.54,8.49,2.0
2024-06-03,0.94,0.93,7.27,37.14,26.18,45.59,45.59,48.5,16.22,13.73,2.0
2024-06-04,0.96,0.95,9.64,39.55,24.91,46.59,46.59,47.32,18.15,13.77,2.09
2024-06-05,0.95,0.95,15.4,52.05,28.6,40.25,40.25,38.45,23.55,16.17,2.4
2024-06-06,0.91,0.9,9.95,36.95,21.81,40.9,40.9,41.9,20.79,12.89,2.05
2024-06-07,0.96,0.95,7.14,33.55,22.82,47.0,47.0,48.77,20.63,14.62,2.0
2024-06-08,0.98,0.97,4.54,30.54,23.69,36.54,36.54,43.0,24.59,19.2,2.0
2024-06-09,0.93,0.94,2.42,18.79,15.05,58.16,58.16,57.79,18.64,14.08,1.95
2024-06-10,0.9,0.9,5.23,24.27,16.32,51.05,51.05,49.86,12.97,7.57,2.0
2024-06-11,0.91,0.89,5.4,27.87,19.8,46.93,46.93,52.8,13.4,8.75,2.0
2024-06-12,0.91,0.91,8.77,32.41,19.23,44.05,44.05,47.32,14.11,8.39,2.0
2024-06-13,0.91,0.91,6.82,32.05,21.64,44.0,44.0,43.64,15.01,9.0,1.95
2024-06-14,0.97,0.97,11.4,46.35,29.25,35.8,35.8,38.9,14.94,9.26,1.8
2024-06-15,0.9,0.89,3.5,22.23,17.27,54.95,54.95,56.82,13.67,8.47,2.0
2024-06-16,0.91,0.9,5.0,24.22,17.11,34.33,34.33,41.11,12.47,8.55,1.89
2024-06-17,0.96,0.95,16.14,49.77,25.41,32.32,32.32,29.73,11.77,6.3,1.95
2024-06-18,0.97,0.96,8.4,33.8,21.2,36.4,36.4,37.67,14.46,8.33,1.73
2024-06-19,0.96,0.96,9.32,35.77,21.55,43.55,43.55,41.91,14.02,8.63,1.82
2024-06-20,0.95,0.94,8.08,36.77,24.69,41.23,41.23,42.46,13.08,8.65,1.92
2024-06-21,0.93,0.93,4.14,25.5,19.14,54.95,54.95,56.77,11.69,7.66,1.45
2024-06-22,0.97,0.97,4.3,24.15,17.75,43.05,43.05,45.4,16.05,11.33,1.65
2024-06-23,0.99,0.99,3.95,23.4,17.45,30.5,30.5,32.6,11.9,9.4,1.15
2024-06-24,1.0,0.99,7.87,29.53,17.67,29.67,29.67,34.53,9.29,7.61,1.0
2024-06-25,0.6,0.57,6.4,27.6,17.9,24.9,24.9,24.1,20.69,12.79,1.1
2024-06-26,0.26,0.25,10.33,35.9,20.1,29.38,29.38,29.19,24.98,16.4,1.0
2024-06-27,0.2,0.22,4.63,24.84,17.95,38.68,38.68,39.32,26.73,18.95,1.0
2024-06-28,0.12,0.12,6.23,25.0,15.38,43.08,43.08,41.69,20.54,13.95,1.0
2024-06-29,0.18,0.18,1.8,16.6,13.8,46.47,46.47,47.4,15.88,9.69,1.0
2024-06-30,0.15,0.15,1.91,13.96,10.96,42.35,42.35,40.7,12.31,8.91,1.0
2024-07-01,0.16,0.15,5.18,21.68,13.82,32.95,32.95,33.86,12.34,8.1,1.0
2024-07-02,0.13,0.14,1.71,14.64,12.0,37.36,37.36,38.14,11.99,7.51,1.0
2024-07-03,0.14,0.14,3.28,21.06,16.06,30.83,30.83,31.17,15.7,11.29,1.0
2024-07-04,0.16,0.17,13.33,45.27,25.2,22.4,22.4,23.67,18.27,12.03,1.0
2024-07-05,0.09,0.09,5.42,24.08,15.58,26.92,26.92,28.08,15.72,9.61,1.67
2024-07-06,0.05,0.05,1.38,16.12,14.12,36.75,36.75,33.88,16.76,11.5,2.5
2024-07-08,0.18,0.14,26.0,67.22,27.33,19.67,19.67,17.33,16.16,9.3,2.78
2024-07-09,0.16,0.16,8.8,41.8,28.8,26.2,26.2,25.6,19.92,11.88,2.5
2024-07-10,0.16,0.17,12.65,42.94,23.71,29.53,29.53,29.0,16.63,10.19,2.35
2024-07-11,0.08,0.08,6.0,26.0,17.0,30.0,30.0,25.0,21.38,15.71,2.0
2024-07-12,0.14,0.14,2.8,25.2,21.2,32.6,32.6,31.2,10.78,6.16,2.0
2024-07-13,0.14,0.13,6.48,25.48,15.67,22.9,22.9,23.52,12.81,7.5,2.24
2024-07-14,0.19,0.17,7.95,35.4,23.3,21.25,21.25,23.05,14.63,10.42,2.05
2024-07-15,0.19,0.19,6.33,32.0,22.44,21.11,21.11,22.11,19.63,13.83,2.22
2024-07-16,0.2,0.2,11.4,38.3,20.85,23.85,23.85,21.4,17.2,9.4,2.2
2024-07-17,0.18,0.17,7.83,33.33,21.58,33.5,33.5,36.75,17.23,10.12,4.25
2024-07-18,0.18,0.18,8.85,33.6,20.15,48.4,48.4,49.3,21.5,14.0,4.95
2024-07-19,0.09,0.1,4.23,22.38,15.85,57.31,57.31,62.23,22.94,16.5,2.85
2024-07-22,0.06,0.07,4.36,32.27,25.73,63.91,63.91,67.55,16.13,9.48,7.09
2024-07-23,0.05,0.05,3.0,27.6,23.2,57.8,57.8,67.0,18.66,11.05,5.0
2024-07-24,0.37,0.38,2.0,11.5,8.5,42.5,42.5,41.0,13.78,11.12,2.0
2024-07-25,0.38,0.38,2.48,13.1,9.33,45.81,45.81,45.9,9.02,6.5,2.05
2024-07-26,0.39,0.39,4.05,21.41,15.27,44.14,44.14,45.27,9.24,6.92,2.5
2024-07-27,0.41,0.41,5.0,21.59,13.86,37.27,37.27,38.45,12.53,9.04,3.5
2024-07-28,0.43,0.42,2.5,16.25,12.2,51.75,51.75,50.45,11.83,9.08,2.1
2024-07-29,0.47,0.47,7.38,34.08,23.0,49.77,49.77,45.15,25.91,19.69,2.54
2024-07-30,0.54,0.53,5.62,42.25,34.06,58.56,58.56,57.31,38.59,27.24,2.44
2024-07-31,0.55,0.56,4.47,24.68,17.95,66.53,66.53,64.89,39.71,26.77,3.16
2024-08-01,0.42,0.42,5.15,29.0,21.1,70.55,70.55,75.2,27.02,19.9,2.55
2024-08-02,0.4,0.4,4.9,27.29,19.71,56.33,56.33,58.48,15.73,10.26,5.05
2024-08-03,0.39,0.39,4.32,24.73,18.5,49.0,49.0,51.45,13.15,8.56,2.36
2024-08-04,0.41,0.4,7.64,29.68,18.09,50.91,50.91,50.55,14.86,9.63,3.55
2024-08-05,0.47,0.46,4.8,30.7,23.4,36.8,36.8,48.5,16.26,10.89,2.8
2024-08-06,0.47,0.47,5.81,29.44,20.5,42.38,42.38,43.69,16.77,11.65,2.12
2024-08-07,0.42,0.41,10.0,40.81,25.81,32.38,32.38,36.31,14.97,10.93,1.81
2024-08-08,0.46,0.46,6.09,32.95,23.77,50.5,50.5,47.68,15.78,8.92,1.86
2024-08-09,0.45,0.45,4.11,24.0,17.89,42.22,42.22,53.89,16.87,9.33,1.89
2024-08-10,0.49,0.48,3.29,25.59,20.59,43.94,43.94,55.12,16.62,10.78,2.94
2024-08-11,0.49,0.49,3.0,24.83,20.39,70.39,70.39,65.22,22.72,15.15,2.39
2024-08-12,0.45,0.47,6.1,28.14,18.86,63.14,63.14,69.38,26.8,17.57,2.1
2024-08-13,0.46,0.43,7.94,32.78,20.72,35.44,35.44,36.5,17.57,11.4,2.72
2024-08-14,0.4,0.41,3.82,23.91,18.18,48.32,48.32,46.77,12.49,6.82,3.0
2024-08-15,0.38,0.37,3.61,21.43,15.96,49.61,49.61,52.87,13.2,7.36,3.13
2024-08-16,0.42,0.42,10.45,43.18,27.36,38.91,38.91,42.09,15.26,8.96,3.05
2024-08-17,0.42,0.42,6.68,33.36,23.18,32.18,32.18,33.41,13.52,8.57,2.95
2024-08-18,0.4,0.4,2.95,18.86,14.41,48.91,48.91,48.82,7.64,4.9,2.41
2024-08-19,0.48,0.45,9.67,41.47,27.0,30.2,30.2,46.0,15.95,10.1,8.07
2024-08-20,0.54,0.54,9.43,37.71,23.48,43.43,43.43,46.95,22.18,16.24,7.76
2024-08-21,0.46,0.48,3.8,21.05,15.4,53.2,53.2,57.1,16.85,11.83,4.35
2024-08-22,0.41,0.41,13.57,45.57,25.0,17.71,17.71,32.0,15.26,9.23,3.14
2024-08-23,0.5,0.48,5.79,32.21,23.63,42.05,42.05,47.21,18.53,12.13,7.53
2024-08-24,0.48,0.49,5.1,29.7,22.0,41.5,41.5,49.2,15.92,10.31,7.2
2024-08-25,0.42,0.42,1.78,15.61,12.74,58.57,58.57,61.96,12.03,6.82,3.3
2024-08-26,0.28,0.31,7.74,33.3,21.61,46.61,46.61,45.26,14.86,8.18,3.91
2024-08-27,0.25,0.24,13.59,52.12,31.53,48.82,48.82,39.47,16.91,9.12,4.88
2024-08-28,0.26,0.27,9.06,39.06,25.35,51.53,51.53,47.29,21.2,13.51,4.0
2024-08-29,0.22,0.21,4.8,30.9,23.3,38.8,38.8,46.8,18.31,12.32,4.1
2024-08-30,0.28,0.28,7.45,34.59,23.45,47.36,47.36,46.27,17.45,13.69,3.41
2024-08-31,0.25,0.24,3.87,25.26,19.35,55.61,55.61,57.83,18.48,14.84,2.43
2024-09-01,0.24,0.25,5.6,28.4,19.93,42.67,42.67,31.27,18.02,12.44,3.33
2024-09-02,0.29,0.28,9.95,40.1,25.05,41.2,41.2,39.05,17.95,12.78,3.1
2024-09-03,0.28,0.28,4.71,29.1,21.95,59.48,59.48,57.19,13.97,8.59,7.67
2024-09-04,0.24,0.25,6.52,35.57,25.74,54.87,54.87,54.7,11.72,6.96,6.48
2024-09-05,0.26,0.25,6.3,37.3,27.78,47.52,47.52,50.13,11.11,6.37,3.3
2024-09-06,0.27,0.27,7.04,35.26,24.83,48.39,48.39,49.17,9.27,5.89,2.91
2024-09-07,0.23,0.23,2.92,27.31,22.92,56.0,56.0,64.15,12.82,7.5,3.23
2024-09-08,0.28,0.27,5.14,35.67,28.14,44.14,44.14,49.67,13.06,7.17,4.76
2024-09-09,0.36,0.34,22.38,72.56,38.56,27.0,27.0,32.81,17.39,8.95,6.75
2024-09-10,0.23,0.22,5.61,30.06,21.33,58.72,58.72,61.44,18.17,10.1,3.5
2024-09-11,0.24,0.25,6.35,32.65,23.04,52.35,52.35,55.65,12.99,7.76,3.04
2024-09-12,0.23,0.22,8.04,42.78,30.78,41.74,41.74,46.3,7.88,4.81,2.78
2024-09-13,0.24,0.24,8.17,36.43,24.17,44.22,44.22,46.17,10.02,5.98,2.74
2024-09-14,0.26,0.26,14.52,44.57,22.7,35.91,35.91,36.74,13.24,8.08,3.87
2024-09-15,0.24,0.24,11.83,43.13,25.26,38.52,38.52,38.57,11.68,7.14,4.57
2024-09-16,0.29,0.28,16.43,54.61,29.48,45.61,45.61,42.3,13.87,8.0,5.96
2024-09-17,0.32,0.33,15.5,50.72,27.06,53.22,53.22,47.11,18.73,11.6,3.39
2024-09-18,0.36,0.35,16.57,51.65,26.43,41.96,41.96,44.87,24.63,16.19,3.91
2024-09-19,0.32,0.34,16.95,57.32,31.63,42.11,42.11,43.37,26.04,19.4,6.47
2024-09-20,0.3,0.29,12.0,53.95,35.95,45.95,45.95,43.85,22.14,15.17,5.65
2024-09-21,0.32,0.32,6.81,38.43,28.62,50.48,50.48,47.0,18.75,15.23,3.19
2024-09-22,0.28,0.29,4.76,30.19,23.05,57.9,57.9,57.81,18.39,15.85,3.52
2024-09-23,0.24,0.23,11.33,47.67,30.57,56.76,56.76,58.24,22.95,17.63,3.62
2024-09-24,0.28,0.28,11.86,50.14,32.0,43.38,43.38,44.57,24.49,17.44,6.19
2024-09-25,0.18,0.2,3.68,19.32,13.86,44.23,44.23,42.0,13.63,8.34,3.41
2024-09-26,0.27,0.24,3.73,26.47,20.87,63.87,63.87,56.33,8.6,4.17,3.0
2024-09-27,0.28,0.31,5.52,26.3,17.87,57.26,57.26,57.65,10.41,5.38,2.91
2024-09-28,0.29,0.25,7.26,33.96,22.91,39.39,39.39,46.61,9.54,5.3,3.83
2024-09-29,0.34,0.37,8.91,43.83,30.52,30.3,30.3,27.17,12.13,7.11,4.22
2024-09-30,0.31,0.3,25.38,75.5,36.5,20.88,20.88,21.56,16.1,8.39,8.06
2024-10-01,0.36,0.35,28.22,69.28,26.06,28.89,28.89,22.44,20.03,11.19,5.11
2024-10-02,0.25,0.26,6.52,35.48,25.7,48.0,48.0,47.52,9.51,5.32,3.0
2024-10-03,0.22,0.2,14.3,54.22,32.48,39.43,39.43,48.17,7.92,4.79,3.91
2024-10-04,0.27,0.26,15.71,50.29,26.48,32.71,32.71,34.14,15.77,10.87,4.1
2024-10-05,0.26,0.29,14.63,46.58,24.37,24.53,24.53,28.16,13.97,9.83,3.84
2024-10-06,0.21,0.21,5.18,26.41,18.55,28.23,28.23,27.5,27.5,13.53,3.59
2024-10-07,0.17,0.18,4.86,27.33,19.9,45.29,45.29,41.05,18.92,10.02,3.0
2024-10-08,0.21,0.18,1.54,9.85,7.46,68.85,68.85,60.62,7.66,4.18,2.77
2024-10-09,0.27,0.29,2.48,14.65,10.7,66.87,66.87,66.48,7.08,2.97,2.83
2024-10-10,0.21,0.21,4.71,32.64,25.43,47.64,47.64,59.71,10.29,5.15,3.64
2024-10-11,0.25,0.26,9.55,38.2,23.85,41.95,41.95,36.75,13.47,7.66,4.0
2024-10-12,0.24,0.23,2.74,19.48,15.22,48.78,48.78,52.96,9.22,5.32,3.13
2024-10-13,0.26,0.26,5.5,31.32,23.09,33.82,33.82,35.0,9.04,7.22,3.45
2024-10-14,0.32,0.28,20.57,72.07,40.86,14.79,14.79,22.14,15.25,10.32,4.71
2024-10-15,0.28,0.3,8.8,35.9,22.45,37.1,37.1,29.75,27.6,13.46,3.35
2024-10-16,0.23,0.22,5.38,29.48,21.19,45.9,45.9,48.24,22.56,9.63,4.1
2024-10-17,0.25,0.26,6.74,34.13,23.7,49.7,49.7,46.83,8.32,4.55,3.87
2024-10-18,0.26,0.25,7.45,37.6,26.35,48.6,48.6,50.55,9.1,5.1,4.2
2024-10-19,0.27,0.27,10.09,45.17,29.96,28.83,28.83,28.61,10.99,6.52,4.39
2024-10-20,0.32,0.34,12.5,51.1,32.1,18.3,18.3,23.6,10.95,7.0,4.5
2024-10-21,0.32,0.33,17.21,55.16,29.0,35.68,35.68,31.47,14.49,8.53,5.26
2024-10-22,0.3,0.29,9.67,46.11,31.5,32.11,32.11,38.56,13.53,8.17,4.39
2024-10-23,0.32,0.33,14.05,54.53,33.11,20.89,20.89,22.11,15.55,10.33,4.58
2024-10-24,0.26,0.28,8.86,37.81,24.48,47.14,47.14,41.1,13.08,8.06,3.71
2024-10-25,0.26,0.26,6.71,36.43,26.43,43.86,43.86,45.29,10.18,6.27,4.79
2024-10-26,0.27,0.28,11.35,44.43,27.09,24.52,24.52,25.26,10.49,7.02,5.22
2024-10-27,0.26,0.25,11.04,43.78,26.96,29.74,29.74,34.96,6.85,5.03,4.91
2024-10-28,0.32,0.31,34.32,83.95,31.58,9.89,9.89,12.11,13.74,9.59,4.68
2024-10-29,0.32,0.32,29.35,77.91,33.22,12.87,12.87,13.22,22.43,15.97,5.48
2024-10-30,0.34,0.34,33.78,85.26,33.48,14.22,14.22,14.57,24.19,15.07,5.0
2024-10-31,0.39,0.39,44.87,101.91,33.3,18.57,18.57,17.83,32.0,17.66,5.17
2024-11-01,0.29,0.31,13.23,52.86,32.82,27.77,27.77,27.36,25.6,13.44,4.45
2024-11-02,0.27,0.27,16.65,52.65,27.17,22.91,22.91,20.96,26.49,14.64,7.39
2024-11-03,0.24,0.24,5.52,30.76,22.48,37.43,37.43,34.9,25.02,16.71,4.33
2024-11-04,0.25,0.27,9.76,41.18,26.47,42.18,42.18,38.29,21.97,11.87,4.12
2024-11-05,0.26,0.26,17.0,62.91,36.64,24.55,24.55,27.45,21.09,10.75,4.45
2024-11-06,0.36,0.37,35.5,88.2,33.8,8.4,8.4,11.7,26.5,13.63,5.3
2024-11-07,0.41,0.4,28.93,83.67,39.6,14.87,14.87,19.87,26.13,14.71,4.47
2024-11-08,0.32,0.31,12.5,46.0,26.85,31.5,31.5,33.4,18.76,11.97,4.0
2024-11-09,0.22,0.27,9.89,42.11,27.17,36.83,36.83,41.5,14.14,9.76,4.89
2024-11-10,0.19,0.17,11.78,47.04,29.13,24.65,24.65,19.26,11.89,7.33,5.43
2024-11-11,0.25,0.25,7.39,37.04,25.96,44.57,44.57,44.57,10.04,7.01,4.13
2024-11-12,0.18,0.19,5.35,31.17,23.13,43.91,43.91,43.87,12.55,7.93,4.13
2024-11-13,0.17,0.16,10.09,40.73,25.41,35.27,35.27,36.59,9.24,6.26,4.14
2024-11-14,0.4,0.36,36.75,98.5,42.25,8.75,8.75,14.25,19.01,13.05,4.5
2024-11-15,0.38,0.38,40.61,98.65,36.48,12.65,12.65,11.83,23.75,17.23,5.43
2024-11-16,0.29,0.28,22.13,66.83,33.17,19.61,19.61,20.13,26.26,14.61,4.17
2024-11-17,0.32,0.32,25.09,69.39,31.39,9.3,9.3,8.52,27.42,15.62,6.13
2024-11-18,0.3,0.3,29.09,76.96,32.52,14.04,14.04,14.96,24.47,16.54,5.04
2024-11-19,0.31,0.31,36.09,88.35,33.26,13.39,13.39,12.57,28.21,18.15,6.61
2024-11-20,0.2,0.23,7.67,40.05,28.19,48.76,48.76,43.71,17.28,9.75,4.48
2024-11-21,0.17,0.18,4.87,29.43,22.0,48.43,48.43,46.17,6.8,4.06,4.96
2024-11-22,0.15,0.19,4.11,17.0,11.11,62.56,62.56,54.78,9.11,5.17,4.67
2024-11-23,0.21,0.22,1.7,10.09,7.48,60.09,60.09,55.78,9.19,5.36,4.04
2024-11-24,0.16,0.15,1.78,12.35,9.7,55.04,55.04,55.43,11.13,5.87,4.0
2024-11-25,0.21,0.19,14.93,49.93,27.21,37.79,37.79,42.0,14.22,7.73,4.93
2024-11-26,0.34,0.32,42.5,107.12,42.56,8.94,8.94,10.5,16.89,10.9,5.38
2024-11-27,0.31,0.3,39.14,104.36,44.57,16.07,16.07,15.93,15.36,9.59,2.86
2024-11-28,0.84,0.44,18.62,66.62,38.38,15.12,15.12,11.12,14.78,8.87,3.12
2024-11-29,0.33,0.31,43.9,113.0,45.7,21.55,21.55,24.8,22.2,11.07,3.5
2024-11-30,0.32,0.34,28.29,81.79,38.57,15.07,15.07,16.21,37.32,18.83,3.71
2024-12-01,0.27,0.28,15.57,57.05,33.38,25.33,25.33,25.86,33.56,16.71,2.52
2024-12-02,0.32,0.31,26.86,81.64,40.71,23.86,23.86,21.36,34.06,17.38,4.79
2024-12-03,0.27,0.26,16.0,62.68,38.58,25.11,25.11,26.21,13.01,8.09,3.84
2024-12-04,0.26,0.25,18.0,62.06,34.69,23.56,23.56,31.5,11.07,8.2,2.88
2024-12-05,0.31,0.32,37.62,94.57,37.14,12.9,12.9,11.76,14.31,8.81,5.1
2024-12-06,0.28,0.29,11.61,53.78,36.39,20.78,20.78,18.35,11.88,7.84,2.74
2024-12-07,0.13,0.16,3.3,21.83,16.83,56.48,56.48,50.65,11.04,7.99,3.3
2024-12-08,0.09,0.09,2.65,19.7,15.74,66.83,66.83,68.35,15.26,9.23,3.3
2024-12-09,0.19,0.17,9.47,40.33,26.13,41.67,41.67,47.13,12.85,7.38,2.67
2024-12-10,0.26,0.27,15.13,56.52,33.48,27.87,27.87,31.61,10.24,6.31,2.3
2024-12-11,0.26,0.24,19.73,61.53,31.8,13.6,13.6,14.93,9.9,8.28,2.53
2024-12-12,0.56,0.53,73.6,155.6,42.8,8.0,8.0,9.6,18.95,11.75,3.2
2024-12-13,0.36,0.39,45.5,111.58,41.92,18.58,18.58,15.83,18.32,11.89,3.08
2024-12-14,0.29,0.28,22.92,72.92,38.17,20.42,20.42,21.17,13.7,10.34,3.67
2024-12-15,0.28,0.27,18.74,70.0,41.61,22.87,22.87,25.0,8.19,6.46,2.87
2024-12-16,0.25,0.26,32.24,93.86,44.95,17.57,17.57,17.48,12.04,8.79,2.9
2024-12-17,0.2,0.24,15.76,58.76,34.94,38.06,38.06,26.59,12.53,7.24,2.88
2024-12-18,0.26,0.26,6.63,27.47,17.47,54.11,54.11,54.89,25.56,10.59,2.05
2024-12-19,0.16,0.15,5.91,34.73,25.73,54.5,54.5,54.05,63.5,24.63,3.77
2024-12-20,0.22,0.19,14.07,66.0,44.57,33.79,33.79,44.36,11.19,6.14,4.43
2024-12-21,0.23,0.22,19.36,73.5,43.95,18.27,18.27,18.82,8.73,6.26,3.27
2024-12-22,0.15,0.18,6.0,33.87,24.87,44.61,44.61,34.52,9.09,6.43,3.35
2024-12-23,0.11,0.1,3.95,28.43,22.62,67.71,67.71,70.86,14.9,8.79,3.33
2024-12-24,0.19,0.18,11.17,56.22,39.22,36.09,36.09,40.65,12.32,7.77,4.96
2024-12-25,0.21,0.21,4.65,30.22,23.22,41.09,41.09,41.13,9.24,7.75,3.65
2024-12-26,0.24,0.23,12.7,41.55,22.35,27.9,27.9,32.45,9.27,7.99,3.0
2024-12-27,0.21,0.23,20.47,65.24,34.12,21.82,21.82,22.94,11.64,9.38,3.06
2024-12-28,0.24,0.23,28.53,82.37,38.89,14.42,14.42,17.11,11.59,9.7,3.21
2024-12-29,0.3,0.31,27.52,73.48,31.57,14.09,14.09,13.22,13.49,12.07,3.22
2024-12-30,0.26,0.26,40.63,95.74,33.68,9.74,9.74,11.21,12.1,10.52,3.0
2024-12-31,0.26,0.27,32.57,84.57,34.62,11.0,11.0,10.38,11.47,9.5,3.52
2025-01-01,0.21,0.24,14.23,54.68,33.14,24.23,24.23,19.41,18.25,12.29,2.91
2025-01-02,0.13,0.13,6.39,34.3,24.74,45.78,45.78,47.04,7.08,5.41,2.35
2025-01-03,0.13,0.13,6.57,33.22,23.22,45.09,45.09,43.83,6.73,5.37,2.39
2025-01-04,0.11,0.11,1.83,14.09,11.3,65.57,65.57,60.48,5.94,5.15,2.48
2025-01-05,0.1,0.09,0.74,8.35,7.04,76.78,76.78,75.96,6.96,5.29,2.48
2025-01-06,0.16,0.14,6.26,34.74,25.26,57.74,57.74,68.3,5.84,3.63,3.09
2025-01-07,0.13,0.15,4.18,25.06,18.82,45.35,45.35,44.0,7.48,4.96,3.41
2025-01-08,0.09,0.09,1.87,10.2,7.4,69.93,69.93,67.33,3.81,1.87,2.73
2025-01-09,0.19,0.16,10.35,49.04,33.17,40.83,40.83,49.52,6.53,4.03,3.48
2025-01-10,0.18,0.18,8.26,45.83,33.48,33.17,33.17,34.3,8.79,6.01,3.43
2025-01-11,0.15,0.16,4.09,35.13,29.13,51.48,51.48,46.74,10.05,7.01,4.74
2025-01-12,0.15,0.14,4.78,30.48,22.96,47.83,47.83,53.04,11.72,7.81,3.22
2025-01-13,0.23,0.22,24.3,79.0,42.05,22.1,22.1,21.75,10.9,8.0,3.9
2025-01-14,0.29,0.28,34.83,102.26,49.13,13.3,13.3,13.48,17.41,12.58,5.57
2025-01-15,0.35,0.34,53.62,134.56,52.62,13.06,13.06,12.75,22.68,17.08,5.75
2025-01-16,0.37,0.39,62.09,142.52,47.52,11.83,11.83,11.0,23.88,18.55,4.96
2025-01-17,0.42,0.4,56.12,140.5,54.5,7.5,7.5,11.88,21.56,16.85,3.88
2025-01-18,0.32,0.34,27.86,87.32,44.73,13.45,13.45,13.55,18.69,13.81,5.14
2025-01-19,0.23,0.25,13.0,47.89,28.0,31.22,31.22,27.28,13.44,10.75,3.39
2025-01-20,0.19,0.19,10.35,43.52,27.83,44.39,44.39,48.7,6.54,5.07,2.7
2025-01-21,0.18,0.18,5.8,30.6,21.93,41.27,41.27,42.2,9.22,7.07,2.87
2025-01-22,0.23,0.22,5.88,33.88,24.94,43.44,43.44,42.62,6.89,4.46,3.19
2025-01-23,0.22,0.24,19.58,68.37,38.53,31.89,31.89,37.58,8.38,5.04,4.0
2025-01-24,0.32,0.26,2.5,14.5,11.0,65.2,65.2,66.6,5.85,3.45,3.0
2025-01-25,0.37,0.36,3.74,27.78,21.83,56.61,56.61,59.87,4.08,2.43,3.39
2025-01-26,0.34,0.34,1.35,11.52,9.39,66.04,66.04,62.04,5.39,3.92,3.0
2025-01-27,0.39,0.4,5.3,32.22,24.26,60.13,60.13,60.74,8.02,4.97,3.26
2025-01-28,0.3,0.31,2.73,18.13,13.93,69.4,69.4,69.0,7.16,3.86,3.07
2025-01-29,0.32,0.32,5.04,25.17,17.39,63.96,63.96,63.17,6.34,3.75,3.13
2025-01-30,0.36,0.36,3.65,24.83,19.26,61.17,61.17,61.91,9.13,6.12,3.57
2025-01-31,0.45,0.42,20.5,71.4,40.2,25.5,25.5,37.6,17.05,10.32,9.4
2025-02-01,0.39,0.4,7.56,45.38,34.0,42.25,42.25,43.06,14.72,9.6,4.88
2025-02-02,0.38,0.39,9.61,46.17,31.61,30.13,30.13,27.78,11.35,8.01,4.35
2025-02-03,0.42,0.4,25.26,88.48,50.13,20.09,20.09,23.04,11.08,7.15,6.74
2025-02-04,0.49,0.46,41.68,112.26,48.74,14.16,14.16,15.0,19.53,12.83,8.21
2025-02-05,0.51,0.51,37.14,104.27,47.45,18.68,18.68,17.73,23.53,13.79,9.23
2025-02-06,0.48,0.49,23.64,76.59,40.5,23.86,23.86,20.55,25.49,18.04,6.23
2025-02-07,0.38,0.39,9.22,45.78,31.94,37.56,37.56,34.33,19.83,16.18,3.83
2025-02-08,0.39,0.36,12.78,57.39,37.87,33.65,33.65,40.0,7.77,5.58,4.96
2025-02-09,0.44,0.44,17.68,59.05,32.05,24.77,24.77,24.91,10.5,7.88,3.95
2025-02-10,0.48,0.5,32.2,81.9,32.8,22.8,22.8,19.1,13.92,9.45,3.95
2025-02-11,0.36,0.37,4.0,24.85,18.85,38.23,38.23,35.31,13.07,9.72,3.23
2025-02-12,0.41,0.4,9.69,55.92,40.92,38.69,38.69,39.08,11.62,8.31,4.15
2025-02-13,0.5,0.48,28.2,83.73,40.8,9.27,9.27,13.47,14.78,9.21,7.67
2025-02-14,0.46,0.55,8.0,41.0,29.0,8.0,8.0,7.0,17.38,11.08,5.0
2025-02-15,0.4,0.42,7.54,34.62,23.31,52.08,52.08,41.31,14.7,9.53,4.85
2025-02-16,0.41,0.39,9.38,51.57,37.43,30.67,30.67,35.19,12.26,8.58,6.86
2025-02-17,0.45,0.44,15.29,61.86,38.38,27.38,27.38,30.38,16.46,12.71,5.24
2025-02-18,0.36,0.38,6.53,34.42,24.63,43.95,43.95,35.74,19.21,13.7,5.42
2025-02-19,0.44,0.42,17.61,72.17,45.17,35.13,35.13,42.3,25.12,16.85,8.09
2025-02-20,0.43,0.45,11.25,50.3,33.0,37.5,37.5,34.75,22.77,14.83,5.65
2025-02-21,0.36,0.36,2.67,17.57,13.62,57.62,57.62,56.0,13.32,9.09,3.67
2025-02-22,0.39,0.38,6.58,38.89,28.84,49.16,49.16,52.26,11.71,8.18,5.58
2025-02-23,0.46,0.46,14.17,56.61,34.83,28.48,28.48,28.78,12.02,7.92,8.22
2025-02-24,0.34,0.35,3.91,21.35,15.3,59.87,59.87,55.7,8.1,5.21,3.7
2025-02-25,0.38,0.38,5.17,32.43,24.7,61.65,61.65,62.17,9.2,5.24,4.39
2025-02-26,0.41,0.4,12.7,58.65,39.39,39.35,39.35,43.65,10.42,6.18,5.26
2025-02-27,0.47,0.44,35.15,97.46,43.85,13.0,13.0,16.54,15.04,8.92,8.0
2025-02-28,0.43,0.42,26.32,80.74,40.53,29.68,29.68,28.74,19.79,12.73,6.53
2025-03-01,0.37,0.38,13.0,51.67,31.72,35.11,35.11,28.17,16.79,11.64,6.44
2025-03-02,0.38,0.37,5.0,30.68,23.23,51.0,51.0,54.86,12.07,9.23,5.32
2025-03-03,0.43,0.42,6.94,44.0,33.65,40.59,40.59,41.29,14.88,11.39,5.29
2025-03-04,0.45,0.46,10.81,47.14,30.71,37.95,37.95,34.52,17.7,12.6,4.24
2025-03-05,0.41,0.42,10.4,40.85,24.8,56.75,56.75,52.25,26.52,14.34,3.9
2025-03-06,0.33,0.33,1.55,13.05,10.35,68.9,68.9,69.45,20.23,10.52,3.35
2025-03-07,0.36,0.35,2.35,14.96,11.52,62.3,62.3,62.91,12.17,7.95,3.22
2025-03-08,0.38,0.38,1.87,13.43,10.52,67.0,67.0,65.61,9.7,6.28,3.7
2025-03-09,0.34,0.34,2.57,19.91,16.09,64.52,64.52,69.22,5.67,3.26,3.91
2025-03-10,0.34,0.34,2.83,24.78,20.5,55.11,55.11,53.89,7.79,3.31,3.72
2025-03-11,0.26,0.28,10.22,44.0,28.43,44.61,44.61,44.43,9.43,4.33,7.04
2025-03-12,0.13,0.13,7.26,42.57,31.48,52.04,52.04,52.3,7.95,4.86,5.3
2025-03-13,0.15,0.15,6.78,38.7,28.65,59.43,59.43,59.74,8.73,6.52,4.43
2025-03-14,0.13,0.12,8.22,47.11,35.0,42.11,42.11,50.11,7.76,5.58,3.89
2025-03-16,0.13,0.13,5.5,39.5,31.2,42.35,42.35,44.8,12.88,11.91,6.5
2025-03-17,0.13,0.13,5.78,37.67,29.11,47.56,47.56,56.22,14.69,8.75,4.22
2025-03-18,0.15,0.14,3.57,23.04,17.65,55.3,55.3,52.7,9.64,6.1,3.91
2025-03-19,0.15,0.15,2.22,15.65,11.96,62.57,62.57,61.48,5.64,3.47,3.65
2025-03-20,0.15,0.16,1.74,12.11,9.37,68.42,68.42,68.47,12.12,6.01,3.74
2025-03-21,0.11,0.12,3.11,18.42,13.58,70.63,70.63,69.89,20.59,8.7,3.95
2025-03-22,0.09,0.08,2.96,19.61,15.09,67.52,67.52,68.57,3.18,1.66,3.78
2025-03-23,0.1,0.09,3.77,29.14,23.27,57.32,57.32,63.32,6.23,3.47,4.68
2025-03-24,0.19,0.2,4.6,39.8,33.07,39.33,39.33,31.67,10.91,7.58,4.33
2025-03-25,0.14,0.15,7.92,43.38,31.31,45.77,45.77,49.62,11.29,8.77,4.31
2025-03-27,0.18,0.19,16.33,61.0,36.17,35.17,35.17,44.0,16.4,13.54,6.0
2025-03-28,0.18,0.18,19.55,64.0,34.3,36.95,36.95,36.15,16.77,13.45,4.85
2025-03-29,0.14,0.14,6.68,43.68,33.58,61.0,61.0,63.05,14.21,9.24,4.0
2025-03-30,0.18,0.17,13.78,52.61,31.83,38.13,38.13,39.35,14.87,9.33,4.52
2025-03-31,0.25,0.22,28.29,72.86,29.71,8.43,8.43,20.29,15.41,9.9,6.57
2025-04-02,0.11,0.1,41.33,99.0,37.0,22.33,22.33,12.0,28.56,17.07,9.67
2025-04-03,0.12,0.13,10.18,49.0,33.45,63.27,63.27,56.09,8.49,4.84,3.91
2025-04-04,0.09,0.09,5.61,38.17,30.17,65.26,65.26,64.96,13.68,7.78,3.87
2025-04-05,0.07,0.06,4.33,38.0,32.33,57.33,57.33,59.22,5.0,3.37,4.33
2025-04-06,0.11,0.11,13.48,52.04,32.17,46.74,46.74,44.43,9.16,6.82,5.26
2025-04-07,0.11,0.1,8.75,46.38,33.88,48.88,48.88,52.75,12.99,11.14,5.62
2025-04-09,0.12,0.08,56.5,120.5,35.17,13.0,13.0,12.33,37.85,31.81,7.33
2025-04-10,0.14,0.15,10.46,56.08,40.92,49.38,49.38,48.15,26.96,17.93,7.15
2025-04-11,0.04,0.06,15.17,53.28,30.72,65.39,65.39,59.28,22.02,13.96,4.06
2025-04-12,0.1,0.08,25.08,66.58,28.83,43.08,43.08,48.25,14.63,11.44,4.33
2025-04-13,0.14,0.14,18.57,56.83,28.91,62.83,62.83,62.43,17.04,15.31,4.17
2025-04-14,0.17,0.18,20.95,57.24,25.67,45.71,45.71,43.86,17.34,12.98,4.81
2025-04-15,0.13,0.13,20.43,60.29,29.62,62.33,62.33,63.57,10.94,6.04,4.1
2025-04-16,0.13,0.12,21.04,61.22,29.65,53.96,53.96,56.61,7.25,3.86,4.48
2025-04-17,0.16,0.17,45.0,94.0,25.83,17.33,17.33,25.67,8.91,5.13,6.0
2025-04-22,0.58,0.47,15.6,51.8,28.3,49.0,49.0,57.6,12.58,8.72,5.3
2025-04-23,0.45,0.51,38.92,84.23,25.23,15.38,15.38,18.23,15.94,9.63,7.92
2025-04-24,0.16,0.15,20.22,56.0,25.61,35.83,35.83,36.3,15.54,9.32,7.61
2025-04-25,0.22,0.19,35.92,79.17,24.5,26.58,26.58,26.42,14.78,9.68,8.5
2025-04-26,0.18,0.19,13.9,48.67,28.05,53.29,53.29,50.81,10.02,6.42,4.67
2025-04-27,0.14,0.13,9.04,39.26,26.0,54.78,54.78,59.43,8.31,6.03,4.78
2025-04-28,0.3,0.26,25.71,62.57,23.43,7.71,7.71,14.29,12.93,9.7,5.43
2025-05-01,0.54,0.53,13.78,45.04,24.48,48.43,48.43,50.91,13.5,6.99,13.48
2025-05-02,0.55,0.57,14.07,46.2,25.47,44.2,44.2,36.33,20.76,12.59,5.27
2025-05-03,0.53,0.53,16.32,48.32,23.91,46.91,46.91,46.82,11.31,6.49,5.95
2025-05-04,0.69,0.62,16.87,49.09,23.96,34.57,34.57,32.74,10.75,8.09,5.91
2025-05-05,0.97,0.92,8.83,40.08,27.25,48.5,48.5,49.75,11.6,8.55,4.58
2025-05-06,0.59,0.6,11.65,45.74,28.48,61.7,61.7,63.7,6.01,3.44,5.04
2025-05-07,0.57,0.57,14.91,48.39,26.22,48.61,48.61,47.7,4.61,2.75,5.13
2025-05-08,0.61,0.6,22.32,61.23,27.64,46.82,46.82,43.55,5.2,2.86,5.68
2025-05-09,0.67,0.67,37.43,84.3,27.43,25.39,25.39,28.78,5.12,3.12,5.43
2025-05-10,0.56,0.57,31.39,72.17,24.65,29.57,29.57,31.43,4.21,3.15,5.0
2025-05-11,0.53,0.53,12.61,42.17,23.43,52.74,52.74,44.22,3.82,2.82,4.91
2025-05-12,0.61,0.58,15.33,48.07,25.53,42.53,42.53,60.4,3.74,2.27,5.8
2025-05-13,0.62,0.63,27.17,65.74,24.91,34.52,34.52,33.74,3.73,2.22,5.91
2025-05-14,0.56,0.56,18.74,52.61,24.7,39.13,39.13,39.22,3.78,2.2,8.74
2025-05-15,0.57,0.56,16.09,51.52,27.96,49.78,49.78,49.74,3.46,1.99,12.57
2025-05-16,0.62,0.61,26.17,65.17,25.74,50.48,50.48,50.57,3.75,2.16,5.78
2025-05-17,0.6,0.59,12.91,44.7,25.26,49.04,49.04,51.22,4.36,3.07,7.65
2025-05-18,0.63,0.64,16.83,51.22,26.13,40.3,40.3,40.17,4.15,2.91,10.65
2025-05-19,0.61,0.61,9.73,44.27,30.09,58.18,58.18,54.36,4.07,2.59,7.91
2025-05-26,0.15,0.15,8.88,39.25,26.38,60.38,60.38,61.75,5.69,5.48,1.62
2025-05-27,0.16,0.17,11.48,43.17,26.04,50.17,50.17,49.09,6.27,4.16,6.35
2025-05-28,0.17,0.16,21.6,58.4,25.7,28.1,28.1,45.0,14.33,8.86,6.0
2025-05-29,0.24,0.24,27.87,68.17,26.13,34.7,34.7,35.22,14.76,9.12,4.17
2025-05-30,0.28,0.35,18.88,54.82,26.41,37.06,37.06,39.41,17.97,10.84,5.41
2025-05-31,0.21,0.2,10.95,40.05,23.95,47.6,47.6,47.75,13.52,9.83,2.55
2025-06-01,0.14,0.14,14.83,44.0,21.74,38.43,38.43,40.3,7.03,5.4,3.39
2025-06-02,0.21,0.17,19.78,53.78,23.78,36.11,36.11,39.22,5.59,3.86,2.0
2025-06-06,0.19,0.19,14.7,45.0,23.13,31.83,31.83,31.17,10.46,5.8,3.57
2025-06-07,0.16,0.16,5.83,25.04,16.57,53.65,53.65,52.65,8.54,5.13,4.13
2025-06-08,0.23,0.22,4.5,21.2,14.6,53.05,53.05,49.8,8.74,6.49,2.9
2025-06-09,0.34,0.31,15.4,51.3,28.3,20.0,20.0,28.7,16.42,13.44,3.7
2025-06-13,0.33,0.33,12.32,40.82,22.59,36.91,36.91,36.95,34.27,26.44,5.27
2025-06-14,0.27,0.28,6.67,29.22,19.39,47.22,47.22,47.44,24.24,18.15,3.17
2025-06-15,0.22,0.22,7.95,28.14,16.67,42.76,42.76,44.81,10.7,8.38,1.81
2025-06-16,0.23,0.24,15.1,41.6,18.7,22.7,22.7,21.5,11.68,8.45,1.2
2025-06-20,0.31,0.26,19.17,58.33,30.0,21.17,21.17,27.17,37.71,24.65,3.5
2025-06-21,0.27,0.27,7.95,27.75,16.25,41.0,41.0,44.35,31.32,20.23,1.4
2025-06-22,0.32,0.32,11.08,30.15,13.54,35.54,35.54,33.23,20.41,13.86,1.54
2025-07-17,0.24,0.27,12.61,36.89,18.11,48.83,48.83,43.89,24.72,16.77,1.44
2025-07-18,0.13,0.14,6.11,20.89,12.22,40.44,40.44,45.67,21.01,14.09,0.0
2025-07-19,0.12,0.12,7.52,26.17,14.74,41.39,41.39,42.13,10.25,7.38,1.09
2025-07-20,0.1,0.11,4.87,21.0,13.87,55.65,55.65,53.96,11.13,7.04,3.26
2025-07-21,0.17,0.16,11.35,37.52,20.74,39.65,39.65,40.65,16.89,8.98,2.61
2025-07-22,0.2,0.21,9.7,35.91,21.7,45.43,45.43,44.65,15.5,7.45,1.87
2025-07-23,0.16,0.16,5.74,25.74,17.57,49.52,49.52,49.7,12.33,6.13,2.39
2025-07-24,0.16,0.15,8.0,26.2,14.47,46.93,46.93,51.87,9.94,5.03,0.73
2025-07-25,0.22,0.2,6.29,25.62,16.57,46.62,46.62,49.57,15.41,11.92,1.19
2025-07-26,0.25,0.25,8.3,32.61,20.35,43.09,43.09,41.57,18.1,15.67,2.74
2025-07-27,0.26,0.26,6.1,21.52,12.62,40.76,40.76,42.38,15.0,13.45,1.62
2025-07-28,0.3,0.29,7.09,26.83,16.26,46.3,46.3,43.74,8.66,6.07,0.17
2025-07-29,0.25,0.25,6.35,25.3,15.87,51.83,51.83,52.91,11.29,7.25,0.04
2025-07-30,0.27,0.26,9.91,31.3,16.57,27.0,27.0,31.22,9.03,5.6,0.13
2025-07-31,0.25,0.24,6.65,22.43,12.65,44.17,44.17,42.3,6.56,3.98,0.0
2025-08-01,0.28,0.29,9.22,29.65,16.04,34.22,34.22,34.35,10.1,6.66,0.3
2025-08-02,0.26,0.27,4.87,18.09,11.09,56.87,56.87,51.61,8.14,5.35,0.0
2025-08-03,0.27,0.27,4.78,19.13,12.04,59.74,59.74,59.48,11.25,8.15,0.17
2025-08-04,0.32,0.3,11.08,39.0,22.54,37.23,37.23,51.46,15.25,10.23,1.54
2025-08-05,0.34,0.35,8.8,31.85,19.0,47.85,47.85,49.9,17.85,12.16,1.9
2025-08-06,0.26,0.28,5.29,22.81,15.1,54.38,54.38,50.95,11.75,7.15,1.57
2025-08-07,0.26,0.24,8.0,39.25,27.0,18.25,18.25,44.5,14.64,8.71,3.0
2025-08-08,0.21,0.23,1.67,18.67,16.44,75.0,75.0,82.56,16.45,9.53,0.89
2025-08-09,0.24,0.22,4.78,24.61,17.52,53.43,53.43,53.43,12.55,7.75,1.61
2025-08-10,0.29,0.29,4.52,27.67,21.19,49.19,49.19,54.76,14.89,10.55,0.0
2025-08-11,0.35,0.36,7.38,38.05,27.29,59.9,59.9,55.86,27.86,17.16,0.48
2025-08-12,0.33,0.32,7.79,46.47,35.0,49.89,49.89,49.32,34.18,19.98,3.63
2025-08-13,0.32,0.33,7.21,38.43,28.0,50.29,50.29,46.36,38.49,22.58,0.71
2025-08-14,0.29,0.29,4.78,23.17,16.22,60.39,60.39,52.44,29.79,21.6,2.33
2025-08-15,0.32,0.29,4.57,40.29,34.0,51.57,51.57,83.43,29.52,22.07,2.57
2025-08-16,0.39,0.38,2.46,17.69,14.38,65.92,65.92,59.23,31.83,23.66,2.31
2025-08-17,0.33,0.32,3.06,22.06,17.67,65.61,65.61,66.67,27.62,24.03,2.83
2025-08-18,0.25,0.27,3.67,24.73,19.73,54.87,54.87,59.33,22.36,17.74,2.67
2025-08-19,0.25,0.24,10.4,36.2,20.8,30.4,30.4,29.5,17.52,12.81,4.05
2025-08-20,0.27,0.28,9.68,32.05,17.64,44.64,44.64,41.23,11.34,7.57,3.05
2025-08-21,0.24,0.24,3.93,23.8,18.13,68.6,68.6,72.6,11.28,8.08,2.13
2025-08-22,0.26,0.24,4.07,23.73,17.8,69.67,69.67,68.47,13.16,9.14,2.33
2025-08-23,0.31,0.31,8.26,34.48,22.3,51.74,51.74,52.3,13.41,9.02,3.0
2025-08-24,0.3,0.34,3.23,28.46,23.85,63.31,63.31,68.23,15.33,11.11,3.92
2025-08-25,0.34,0.32,5.07,29.73,22.67,59.07,59.07,70.6,19.98,14.82,3.27
2025-08-26,0.33,0.34,2.75,22.65,19.0,65.25,65.25,65.8,23.34,17.74,3.4
2025-08-27,0.3,0.27,4.38,23.38,17.0,45.25,45.25,44.0,16.2,10.62,4.38
2025-08-29,0.18,0.18,5.52,26.43,18.61,53.96,53.96,52.17,13.83,7.19,3.74
2025-08-30,0.2,0.2,5.78,23.96,15.48,44.04,44.04,47.39,10.37,5.78,3.22
2025-08-31,0.23,0.22,9.09,34.18,20.86,33.5,33.5,33.91,9.19,5.19,3.77
2025-09-01,0.32,0.32,16.7,48.2,23.6,15.9,15.9,14.3,11.9,6.69,4.0
2025-09-05,0.23,0.23,13.3,39.74,20.0,39.83,39.83,39.91,13.36,7.58,4.0
2025-09-06,0.22,0.23,8.65,28.87,15.78,58.87,58.87,52.83,14.53,8.22,3.22
2025-09-07,0.2,0.2,3.19,16.31,11.81,65.0,65.0,69.12,18.17,8.51,3.06
2025-09-08,0.2,0.2,9.5,34.9,21.0,45.4,45.4,51.5,12.87,7.98,6.7
2025-09-12,0.24,0.25,5.5,27.77,19.82,29.36,29.36,29.68,13.35,7.59,3.0
2025-09-13,0.25,0.23,5.57,29.43,21.39,28.13,28.13,29.74,15.56,9.26,3.13
2025-09-14,0.25,0.28,7.91,32.61,21.09,19.74,19.74,20.0,13.26,7.84,3.17
2025-09-15,0.24,0.21,6.5,25.67,16.17,13.5,13.5,17.5,9.73,5.37,3.0
2025-10-03,0.33,0.32,24.78,79.39,42.35,28.96,28.96,30.35,25.73,14.81,7.91
2025-10-04,0.24,0.26,10.86,45.0,29.0,33.0,33.0,30.77,22.02,15.21,6.86
2025-10-05,0.24,0.23,4.71,29.14,22.62,35.24,35.24,41.05,13.25,8.13,4.52
2025-10-06,0.25,0.24,13.71,46.0,25.52,29.1,29.1,28.95,13.44,8.38,4.81
2025-10-07,0.4,0.35,47.33,115.0,43.5,21.17,21.17,12.0,17.49,9.79,7.67
2025-10-08,0.38,0.36,40.0,93.62,33.25,34.5,34.5,14.88,24.42,11.55,7.88
2025-10-10,0.23,0.33,3.67,26.67,21.33,41.67,41.67,43.33,16.52,10.25,4.0
2025-10-11,0.35,0.33,16.12,70.62,46.88,18.12,18.12,36.0,16.12,11.64,5.38
2025-10-12,0.26,0.27,10.95,46.29,30.38,30.52,30.52,27.81,16.86,11.8,5.62
2025-10-17,0.27,0.27,16.26,61.96,38.04,33.48,33.48,35.13,25.17,18.77,9.22
2025-10-18,0.3,0.29,17.61,67.65,41.65,27.17,27.17,24.91,24.18,17.79,6.61
2025-10-19,0.14,0.18,0.65,10.41,9.47,76.71,76.71,65.47,20.05,12.11,5.06
2025-10-20,0.24,0.2,6.0,29.43,20.71,41.29,41.29,58.43,13.72,7.37,4.71
2025-10-24,0.16,0.19,13.43,46.57,27.0,43.29,43.29,30.0,19.57,10.89,7.57
2025-10-25,0.25,0.26,9.21,44.63,31.16,32.0,32.0,30.26,14.54,8.79,6.74
2025-10-26,0.16,0.16,3.43,26.7,22.04,43.74,43.74,46.39,8.47,5.06,5.96
2025-10-27,0.07,0.1,19.5,58.5,29.2,12.2,12.2,16.1,9.78,5.52,7.3
