Date,Benceno (µg/m3),CO (mg/m3),CO 8h (mg/m3),Etilbenceno (µg/m3),NO (µg/m3),NOX (µg/m3),NO2,Ortoxileno (µg/m3),PM10,"PM2,5",SO2,Tolueno (µg/m3)
2024-01-01,0.12,0.2,0.22,0.0,4.67,30.81,24.0,0.18,18.39,11.3,5.48,0.53
2024-01-02,0.02,0.17,0.16,0.0,1.62,11.06,8.62,0.04,7.2,3.95,2.38,0.16
2024-01-03,0.38,0.35,0.32,0.22,11.86,56.82,39.14,1.08,10.42,5.3,6.23,1.79
2024-01-04,0.05,0.22,0.23,0.02,2.27,22.09,18.86,0.36,14.1,7.84,5.18,0.58
2024-01-05,0.03,0.21,0.22,0.0,1.59,18.77,17.05,0.16,6.46,2.64,2.82,0.44
2024-01-06,0.04,0.21,0.2,0.0,1.68,15.5,13.41,0.05,5.82,2.43,4.23,0.18
2024-01-07,0.05,0.2,0.2,0.0,1.5,19.68,17.86,0.06,6.63,2.94,3.36,0.22
2024-01-08,0.22,0.27,0.25,0.16,13.77,57.09,36.59,0.81,7.8,4.52,4.45,1.3
2024-01-09,0.56,0.32,0.33,0.23,17.39,60.33,34.17,1.16,17.95,13.54,6.67,1.78
2024-01-10,0.5,0.32,0.34,0.27,21.33,62.78,30.28,1.22,26.88,20.89,6.44,1.98
2024-01-11,0.31,0.27,0.26,0.06,6.9,43.8,33.8,0.59,12.67,9.21,6.0,1.2
2024-01-12,0.54,0.32,0.32,0.32,15.5,58.75,35.55,1.49,16.42,12.26,8.0,2.11
2024-01-13,0.14,0.27,0.28,0.01,6.5,45.3,35.8,0.52,15.48,10.32,6.0,0.89
2024-01-14,0.2,0.38,0.35,0.1,12.45,57.09,38.55,0.81,14.36,7.8,4.14,1.4
2024-01-15,0.42,0.44,0.46,0.4,46.91,115.55,44.32,1.95,10.96,6.51,5.45,3.03
2024-01-16,0.14,0.31,0.35,0.26,19.71,65.14,35.5,1.52,14.82,9.1,6.14,2.72
2024-01-17,0.01,0.16,0.17,0.01,2.5,15.4,11.9,0.3,12.68,6.69,3.0,0.76
2024-01-18,0.16,0.18,0.2,0.09,1.25,12.58,10.92,0.62,7.26,2.93,3.0,1.98
2024-01-19,0.08,0.12,0.12,0.0,2.55,17.45,13.82,0.09,8.67,4.27,2.73,0.69
2024-01-20,0.13,0.22,0.22,0.01,6.5,36.27,26.77,0.47,10.05,5.87,6.82,1.07
2024-01-21,0.06,0.22,0.2,0.0,3.91,27.32,21.82,0.21,8.7,5.1,4.45,1.09
2024-01-22,0.04,0.28,0.28,0.02,3.81,25.33,19.67,0.3,7.87,3.63,3.05,1.52
2024-01-23,0.17,0.36,0.35,0.28,25.18,70.36,32.36,1.36,12.44,7.08,5.59,3.23
2024-01-24,0.65,0.36,0.36,0.64,40.95,97.75,35.4,2.88,16.16,9.29,12.15,4.26
2024-01-25,0.21,0.34,0.34,0.48,26.73,78.59,38.0,2.05,24.1,14.03,9.82,3.13
2024-01-26,0.55,0.37,0.39,0.58,38.84,95.47,36.37,2.22,30.39,19.78,15.47,3.46
2024-01-27,0.39,0.34,0.35,0.4,19.32,64.05,34.84,1.55,34.46,25.8,9.21,3.11
2024-01-28,0.02,0.16,0.21,0.03,2.11,17.78,14.56,0.36,20.85,13.35,4.33,1.18
2024-01-30,0.06,0.24,0.23,0.13,4.44,36.44,29.88,0.56,20.27,12.5,4.94,1.2
2024-01-31,0.31,0.3,0.27,0.4,21.09,77.95,46.0,1.46,24.76,16.37,8.64,2.98
2024-02-01,0.26,0.3,0.34,0.47,18.25,59.88,32.25,1.75,40.66,25.29,7.06,2.44
2024-02-02,0.02,0.23,0.24,0.02,2.75,29.65,25.85,0.67,29.55,17.0,1.85,1.18
2024-02-03,0.06,0.23,0.23,0.0,4.11,29.47,23.63,0.44,15.37,10.28,3.47,1.12
2024-02-04,0.09,0.25,0.26,0.0,3.0,25.58,21.32,0.15,22.33,19.01,4.89,0.79
2024-02-05,0.12,0.26,0.26,0.12,11.18,42.23,25.55,0.67,27.98,23.58,6.18,1.3
2024-02-06,0.26,0.31,0.29,0.34,15.47,63.53,40.29,1.33,34.29,26.81,5.0,2.29
2024-02-07,0.15,0.24,0.28,0.05,7.43,37.07,25.86,0.75,34.27,23.87,4.93,2.35
2024-02-08,0.0,0.14,0.14,0.08,1.75,12.2,9.8,0.43,31.7,15.1,1.0,1.7
2024-02-09,0.01,0.23,0.22,0.16,3.36,23.41,18.5,0.84,11.32,4.03,1.14,1.6
2024-02-10,0.03,0.19,0.2,0.0,1.23,8.91,6.91,0.02,7.82,3.61,4.55,0.16
2024-02-11,0.03,0.16,0.15,0.0,1.86,12.55,9.95,0.02,9.08,4.76,1.45,0.21
2024-02-12,0.07,0.23,0.21,0.0,2.16,22.26,19.21,0.2,5.72,2.53,1.47,0.49
2024-02-13,0.19,0.25,0.25,0.01,7.86,47.29,35.57,0.58,10.85,5.59,7.86,1.11
2024-02-14,0.57,0.33,0.35,0.3,13.19,44.5,24.75,1.12,12.45,6.62,2.81,1.81
2024-02-15,0.29,0.26,0.26,0.18,3.21,16.64,11.5,0.53,13.8,6.09,1.71,0.78
2024-02-16,0.46,0.27,0.27,0.18,4.18,26.05,19.82,0.62,12.56,5.61,2.64,1.06
2024-02-17,0.67,0.26,0.25,0.29,10.5,47.88,32.12,0.97,15.02,9.02,6.25,1.46
2024-02-18,0.52,0.25,0.24,0.14,7.09,39.45,29.09,0.5,11.55,7.19,6.86,0.99
2024-02-19,0.39,0.23,0.25,0.08,2.36,21.55,18.14,0.32,9.35,6.17,1.55,0.58
2024-02-20,0.82,0.25,0.22,0.5,16.0,56.8,32.6,1.81,15.25,8.89,5.67,2.3
2024-02-21,0.8,0.28,0.3,0.5,18.69,68.0,39.77,1.82,20.63,12.19,8.0,2.42
2024-02-22,0.3,0.15,0.17,0.1,1.95,16.41,13.64,0.45,13.68,7.0,2.32,0.57
2024-02-23,0.32,0.12,0.11,0.05,1.41,19.18,17.45,0.26,10.14,5.06,2.27,0.43
2024-02-24,0.32,0.19,0.17,0.04,1.36,17.64,15.86,0.23,4.54,1.74,1.86,0.38
2024-02-25,0.23,0.21,0.21,0.01,1.86,14.91,12.23,0.16,6.6,2.8,1.73,0.26
2024-02-26,0.3,0.17,0.17,0.02,1.23,13.36,11.82,0.13,9.76,5.06,1.5,0.27
2024-02-27,0.3,0.16,0.17,0.04,1.3,8.75,6.95,0.19,11.3,5.83,1.15,0.23
2024-02-28,0.52,0.21,0.19,0.09,2.09,23.77,20.86,0.34,10.48,4.85,1.73,0.6
2024-02-29,0.5,0.22,0.23,0.17,7.23,39.32,28.73,0.65,10.72,6.36,4.32,1.02
2024-03-01,0.44,0.17,0.16,0.06,3.36,28.0,23.41,0.32,8.65,4.21,2.27,0.66
2024-03-02,0.34,0.2,0.22,0.04,1.82,18.18,15.91,0.29,5.88,2.84,1.91,0.37
2024-03-03,0.32,0.18,0.17,0.01,2.14,18.68,15.55,0.12,4.16,1.79,1.55,0.3
2024-03-04,0.42,0.22,0.23,0.1,6.14,36.86,27.77,0.45,6.4,3.2,3.73,0.85
2024-03-05,0.52,0.22,0.21,0.15,9.64,39.5,25.05,0.6,10.61,5.32,4.45,1.01
2024-03-06,0.7,0.29,0.3,0.26,12.59,55.41,36.32,0.97,16.11,8.83,9.27,1.65
2024-03-07,0.48,0.26,0.28,0.18,4.14,31.0,25.14,0.6,15.06,8.07,4.82,1.09
2024-03-08,0.37,0.21,0.2,0.11,3.91,24.68,19.27,0.46,8.51,3.44,2.23,0.72
2024-03-09,0.28,0.17,0.17,0.43,2.09,12.87,9.78,1.24,4.02,1.44,1.91,1.3
2024-03-10,0.25,0.18,0.17,0.0,1.04,8.43,6.83,0.08,3.39,1.27,1.74,0.19
2024-03-11,0.41,0.25,0.23,0.08,2.0,21.55,18.77,0.28,6.37,3.13,2.36,0.64
2024-03-12,0.55,0.31,0.3,0.25,10.45,53.5,37.8,0.8,12.34,7.46,6.25,1.2
2024-03-13,0.74,0.28,0.27,0.53,16.14,71.0,46.86,1.7,13.39,7.6,12.36,5.62
2024-03-14,0.48,0.27,0.31,0.29,6.83,43.5,33.67,0.94,16.41,8.43,7.25,2.12
2024-03-25,0.47,0.21,0.22,0.2,2.08,17.46,14.77,0.62,13.39,7.52,3.15,0.63
2024-03-26,0.33,0.17,0.18,0.09,3.04,21.35,17.09,0.4,8.29,3.81,3.91,0.54
2024-03-27,0.26,0.17,0.17,0.07,3.0,20.22,15.91,0.32,6.06,2.4,3.35,0.4
2024-03-28,0.22,0.18,0.17,0.03,1.52,10.96,8.83,0.18,7.2,2.8,2.52,0.44
2024-03-29,0.27,0.23,0.23,0.02,1.78,21.17,18.87,0.17,4.03,1.44,2.74,0.27
2024-03-30,0.38,0.25,0.23,0.06,3.09,27.57,23.17,0.27,4.95,2.49,3.78,0.48
2024-03-31,0.3,0.21,0.23,0.03,2.42,21.29,17.96,0.18,4.83,2.29,3.38,0.34
2024-04-01,0.23,0.18,0.17,0.01,1.39,12.65,10.78,0.11,4.51,2.07,2.52,0.2
2024-04-02,0.27,0.2,0.21,0.06,2.57,20.52,16.96,0.26,6.3,3.07,2.87,0.43
2024-04-03,0.21,0.22,0.21,0.08,2.22,15.65,12.57,0.29,5.01,2.14,2.26,0.48
2024-04-04,0.22,0.22,0.21,0.09,2.13,15.39,12.26,0.34,7.75,3.71,2.57,0.63
2024-04-05,0.3,0.21,0.21,0.16,3.1,24.14,19.86,0.56,8.42,3.55,2.71,1.2
2024-04-06,0.25,0.19,0.19,0.08,1.64,15.32,12.95,0.29,15.07,5.78,3.0,0.66
2024-04-07,0.68,0.28,0.28,0.08,2.09,19.73,16.73,0.33,24.19,10.83,4.45,0.66
2024-04-08,0.24,0.25,0.26,0.08,2.05,13.9,11.0,0.34,12.61,7.24,3.75,0.55
2024-04-09,0.23,0.22,0.22,0.05,1.24,11.65,10.0,0.21,8.58,3.96,2.94,0.35
2024-04-10,0.44,0.26,0.25,0.14,6.61,31.91,22.13,0.44,14.1,7.04,8.7,1.04
2024-04-11,0.43,0.28,0.27,0.17,6.87,33.52,23.52,0.52,12.74,6.3,4.83,1.39
2024-04-12,0.7,0.39,0.37,0.34,9.65,57.96,43.74,0.93,15.27,7.9,13.22,2.42
2024-04-13,0.44,0.37,0.37,0.23,6.22,39.48,30.3,0.69,17.43,9.53,13.22,1.47
2024-04-14,0.21,0.36,0.37,0.06,3.64,19.07,13.93,0.21,16.96,12.08,8.07,0.52
2024-04-15,0.14,0.36,0.36,0.07,1.75,14.45,12.05,0.26,10.98,7.06,3.3,0.6
2024-04-16,0.21,0.33,0.34,0.08,1.43,14.09,12.13,0.32,9.52,4.73,3.65,0.56
2024-04-17,0.27,0.35,0.34,0.04,1.65,15.43,13.39,0.22,10.13,4.99,3.78,0.44
2024-04-18,0.31,0.36,0.35,0.1,2.09,20.78,18.22,0.38,7.96,3.6,3.43,0.76
2024-04-19,0.4,0.35,0.34,0.19,8.06,34.75,22.69,0.36,9.76,5.08,6.44,1.06
2024-04-20,0.35,0.37,0.37,0.25,5.35,33.22,25.48,0.38,11.24,5.94,6.57,1.08
2024-04-21,0.22,0.32,0.33,0.14,2.61,21.26,17.61,0.19,11.02,6.08,3.65,0.61
2024-04-22,0.19,0.29,0.29,0.07,1.04,17.22,16.17,0.07,8.98,4.38,3.04,0.3
2024-04-23,0.26,0.36,0.35,0.11,1.26,23.52,22.0,0.27,7.87,3.65,3.91,0.78
2024-04-24,0.24,0.34,0.34,0.16,2.04,24.13,21.57,0.28,8.91,4.83,4.26,0.82
2024-04-25,0.34,0.43,0.42,0.26,7.79,49.04,37.33,0.51,11.85,6.61,8.29,1.33
2024-04-26,0.31,0.45,0.45,0.3,10.52,42.09,26.22,0.52,12.74,7.89,8.0,1.11
2024-04-27,0.23,0.4,0.4,0.15,1.74,23.78,21.43,0.22,8.17,4.87,4.61,0.55
2024-04-28,0.22,0.39,0.39,0.1,2.57,25.74,22.35,0.17,7.44,3.69,7.74,0.45
2024-04-29,0.28,0.45,0.44,0.28,8.48,40.83,28.0,0.28,10.77,5.49,9.39,0.9
2024-04-30,0.27,0.43,0.44,0.31,5.43,31.87,23.96,0.38,11.02,5.93,7.7,1.14
2024-05-01,0.13,0.37,0.38,0.09,1.26,14.96,13.48,0.12,6.97,3.28,5.48,0.33
2024-05-02,0.2,0.28,0.25,0.17,3.07,26.2,21.87,0.17,6.13,2.66,4.4,0.57
2024-05-03,0.23,0.2,0.2,0.28,3.7,28.83,23.52,0.26,9.68,5.64,5.3,0.84
2024-05-04,0.03,0.17,0.17,0.16,1.26,11.26,9.78,0.09,5.87,2.74,3.39,0.53
2024-05-05,0.04,0.23,0.22,0.12,1.09,10.43,9.3,0.08,5.03,2.2,3.96,0.4
2024-05-06,0.18,0.21,0.21,0.14,2.13,21.39,18.61,0.16,6.88,3.21,5.39,0.57
2024-05-07,0.14,0.24,0.23,0.12,1.0,13.83,12.83,0.1,9.7,4.68,4.48,0.72
2024-05-08,0.24,0.27,0.25,0.22,4.65,25.78,19.09,0.25,11.06,6.5,5.65,0.79
2024-05-09,0.47,0.41,0.39,0.43,11.07,45.5,28.71,0.46,13.53,8.67,8.36,1.75
2024-05-10,0.41,0.31,0.31,0.36,5.89,33.47,25.0,0.54,20.2,12.76,9.32,1.82
2024-05-11,0.46,0.42,0.33,0.37,2.0,24.75,22.25,0.66,20.73,12.62,9.25,1.92
2024-05-12,0.3,0.3,0.3,0.21,1.0,13.32,12.32,0.44,17.41,13.25,4.05,1.03
2024-05-13,0.25,0.28,0.29,0.2,10.48,38.81,23.29,0.52,16.28,11.19,7.9,1.2
2024-05-14,0.33,0.29,0.28,0.22,3.91,27.04,21.61,0.48,11.89,6.89,5.91,0.95
2024-05-15,0.3,0.28,0.28,0.23,5.96,35.17,26.43,0.51,10.56,6.12,7.43,1.1
2024-05-16,0.21,0.22,0.23,0.23,3.74,26.0,20.74,0.3,9.45,5.36,5.65,0.82
2024-05-17,0.16,0.25,0.25,0.29,2.26,22.57,19.48,0.29,10.25,5.6,7.43,0.97
2024-05-18,0.19,0.27,0.27,0.27,3.48,24.43,19.52,0.37,11.88,7.85,6.39,0.95
2024-05-19,0.12,0.29,0.28,0.07,1.43,13.65,12.0,0.24,10.59,6.84,5.43,0.52
2024-05-20,0.06,0.3,0.3,0.09,1.52,12.76,10.71,0.22,7.03,3.61,5.14,0.46
2024-05-21,0.27,0.32,0.32,0.24,8.06,35.62,23.75,0.43,13.17,7.72,8.06,0.95
2024-05-22,0.23,0.29,0.29,0.3,5.13,31.3,23.74,0.69,12.34,7.19,5.35,1.26
2024-05-23,0.28,0.28,0.28,0.15,3.87,19.22,13.57,0.33,10.26,5.45,3.91,0.71
2024-05-24,0.26,0.32,0.31,0.24,6.22,29.04,19.91,0.53,14.51,8.31,9.09,1.09
2024-05-25,0.24,0.33,0.34,0.18,4.04,21.91,16.04,0.36,13.23,8.16,6.0,0.97
2024-05-26,0.23,0.36,0.35,0.2,2.26,22.48,19.43,0.15,11.46,7.03,8.26,0.7
2024-05-27,0.1,0.33,0.34,0.08,2.52,17.39,13.74,0.28,9.64,5.35,3.43,0.63
2024-05-28,0.15,0.34,0.34,0.24,6.22,27.61,18.43,0.44,11.66,6.09,6.43,1.08
2024-05-29,0.34,0.43,0.41,0.27,8.09,33.91,21.7,0.6,14.79,8.06,8.91,1.35
2024-05-30,0.38,0.44,0.5,0.14,2.71,19.0,15.12,0.46,15.19,10.47,4.65,0.84
2024-05-31,0.09,0.33,0.33,0.09,1.65,11.78,9.43,0.23,11.23,5.67,3.61,0.64
2024-06-01,0.17,0.33,0.33,0.1,2.57,13.43,9.87,0.33,11.16,6.16,3.91,0.68
2024-06-02,0.1,0.34,0.34,0.04,1.22,7.74,5.87,0.18,10.06,6.38,3.7,0.44
2024-06-03,0.26,0.42,0.41,0.11,2.2,15.8,12.9,0.36,14.43,11.09,3.95,0.77
2024-06-04,0.43,0.43,0.41,0.25,8.0,33.82,21.91,0.72,16.28,11.41,8.64,1.34
2024-06-05,0.37,0.47,0.46,0.3,6.9,31.71,21.52,0.61,20.71,13.99,7.76,1.46
2024-06-06,0.39,0.32,0.34,0.16,5.94,23.06,14.18,0.46,16.83,10.03,4.59,0.95
2024-06-07,0.17,0.16,0.16,0.23,3.27,16.6,11.8,0.35,18.35,12.44,4.53,1.0
2024-06-08,0.28,0.18,0.18,0.12,2.13,16.96,14.0,0.27,22.23,16.41,4.26,0.69
2024-06-09,0.16,0.11,0.12,0.06,1.32,8.47,6.79,0.12,16.61,11.24,5.16,0.36
2024-06-10,0.09,0.09,0.08,0.07,2.62,16.62,13.0,0.18,10.58,5.19,6.0,0.76
2024-06-11,0.15,0.17,0.17,0.51,2.0,11.62,8.77,0.0,10.14,5.81,4.62,0.8
2024-06-12,0.14,0.24,0.2,0.58,1.71,14.5,12.07,0.61,12.9,6.64,4.14,1.07
2024-06-13,0.13,0.23,0.23,0.31,3.48,18.22,13.35,1.76,13.12,7.15,4.39,1.84
2024-06-14,0.22,0.28,0.28,0.23,6.25,28.71,19.38,1.42,14.0,7.63,6.92,1.74
2024-06-15,0.06,0.21,0.21,0.06,1.57,12.3,10.17,0.66,12.16,6.22,4.87,0.9
2024-06-16,0.04,0.2,0.21,0.09,2.83,17.7,13.52,0.82,13.85,7.83,7.04,1.02
2024-06-17,0.11,0.23,0.21,0.18,5.62,27.5,19.0,1.24,10.87,4.68,6.94,1.56
2024-06-18,0.19,0.25,0.24,0.34,3.87,23.04,17.13,2.1,13.95,6.99,4.17,2.07
2024-06-19,0.08,0.19,0.2,0.19,4.91,21.0,13.7,1.34,12.69,6.43,4.87,1.36
2024-06-20,0.28,0.16,0.18,0.24,2.7,18.35,14.43,1.38,11.84,6.91,4.7,1.39
2024-06-21,0.06,0.16,0.15,0.08,1.57,10.95,8.67,0.64,10.48,5.85,2.0,0.82
2024-06-22,0.16,0.22,0.21,0.14,2.0,15.17,12.35,0.97,13.04,7.96,1.04,1.23
2024-06-23,0.14,0.24,0.24,0.06,1.78,14.7,12.3,0.56,10.66,7.18,1.0,0.69
2024-06-24,0.1,0.22,0.23,0.13,2.43,13.35,9.7,0.97,7.62,4.65,1.0,1.25
2024-06-25,0.21,0.3,0.29,0.25,11.2,37.73,20.73,1.41,16.14,9.62,2.47,2.75
2024-06-26,0.38,0.38,0.36,0.27,7.25,30.94,20.5,1.6,20.85,13.46,1.31,2.32
2024-06-27,0.81,0.35,0.35,0.26,3.06,20.69,16.44,1.62,21.97,15.16,1.0,2.27
2024-06-28,0.09,0.32,0.32,0.25,2.38,13.95,10.67,1.59,15.22,9.27,1.0,1.67
2024-06-29,0.16,0.3,0.3,0.06,1.17,11.57,10.0,0.63,14.23,7.64,1.17,0.78
2024-06-30,0.12,0.29,0.3,0.09,1.96,13.43,10.57,0.81,11.75,6.76,1.65,1.1
2024-07-01,0.17,0.29,0.28,0.18,3.78,19.22,13.65,1.22,10.94,6.07,1.91,1.47
2024-07-02,0.04,0.26,0.27,0.08,1.78,10.83,8.3,0.77,9.43,5.02,1.61,0.97
2024-07-03,0.26,0.28,0.26,0.17,5.88,24.06,15.25,1.27,12.58,7.98,4.88,1.28
2024-07-04,0.26,0.34,0.33,0.31,7.09,28.83,18.35,1.88,14.09,8.41,7.61,2.23
2024-07-05,0.2,0.32,0.33,0.53,4.65,19.61,12.7,3.23,12.0,6.66,1.65,2.61
2024-07-06,0.25,0.24,0.25,0.05,1.35,10.22,8.52,0.52,12.56,7.56,1.7,0.6
2024-07-07,0.12,0.25,0.25,0.05,3.13,16.35,11.65,0.58,12.0,5.94,2.35,0.7
2024-07-08,0.27,0.33,0.32,0.24,8.17,32.43,20.26,1.53,14.96,7.55,4.0,1.8
2024-07-09,0.37,0.36,0.36,0.27,5.96,30.42,21.71,1.67,16.4,9.4,2.71,2.26
2024-07-10,0.25,0.35,0.36,0.52,7.0,26.68,16.41,3.19,14.8,8.56,1.73,2.27
2024-07-11,0.26,0.37,0.37,0.47,5.33,23.62,15.86,2.62,17.52,12.23,2.19,3.67
2024-07-12,0.11,0.26,0.27,0.14,1.64,13.09,11.05,0.97,10.31,5.65,1.55,1.76
2024-07-13,0.06,0.16,0.18,0.08,2.7,13.39,9.17,0.75,11.86,6.08,2.22,1.03
2024-07-14,0.15,0.15,0.14,0.09,3.71,19.95,14.38,0.78,12.79,8.04,5.43,1.17
2024-07-15,0.59,0.2,0.17,0.21,6.0,32.5,23.7,1.27,16.4,11.14,3.1,1.81
2024-07-16,0.14,0.11,0.12,0.19,5.33,23.24,15.14,1.2,14.2,7.34,4.86,1.6
2024-07-17,0.22,0.12,0.1,0.3,6.36,28.45,19.0,1.75,14.03,7.63,2.82,2.32
2024-07-18,0.22,0.37,0.32,0.22,7.22,24.83,13.94,1.44,18.55,12.08,1.94,2.08
2024-07-19,0.17,0.54,0.53,0.18,2.05,12.33,9.38,1.17,18.37,12.61,1.33,1.38
2024-07-20,0.16,0.54,0.53,0.14,1.83,14.78,12.17,1.01,17.81,13.14,2.17,1.33
2024-07-21,0.05,0.46,0.47,0.0,0.11,2.21,2.05,0.25,13.87,8.18,2.95,0.26
2024-07-22,0.11,0.61,0.52,0.08,0.0,0.0,0.0,0.7,12.07,5.7,6.0,1.0
2024-07-26,0.01,0.38,0.32,0.04,0.22,6.22,5.89,0.44,8.89,5.26,1.78,0.45
2024-07-27,0.12,0.39,0.39,0.1,2.18,14.32,11.18,0.86,10.97,6.74,2.59,1.12
2024-07-28,0.18,0.4,0.4,0.08,1.36,11.68,9.77,0.71,10.93,7.12,1.77,1.14
2024-07-29,0.32,0.43,0.43,0.21,6.58,29.21,19.47,1.38,26.11,18.35,2.74,2.34
2024-07-30,0.42,0.4,0.41,0.38,8.8,43.7,30.5,2.31,33.53,23.39,4.55,3.5
2024-07-31,0.19,0.39,0.38,0.1,6.57,23.43,13.48,0.78,35.86,23.39,5.0,1.12
2024-08-01,0.11,0.44,0.43,0.06,2.82,24.18,19.94,0.67,22.79,15.99,2.24,0.94
2024-08-02,0.17,0.37,0.35,0.12,1.0,17.77,16.38,0.95,12.47,7.35,3.08,1.4
2024-08-03,0.09,0.22,0.23,0.06,1.91,13.86,11.27,0.63,11.36,6.24,2.45,0.93
2024-08-04,0.1,0.19,0.2,0.08,3.69,17.81,12.5,0.77,12.64,7.27,4.62,1.12
2024-08-05,0.14,0.24,0.21,0.07,3.68,24.41,19.09,0.68,14.55,8.57,4.18,1.28
2024-08-06,0.09,0.31,0.31,0.12,1.33,14.0,11.95,0.91,13.9,8.83,2.05,1.18
2024-08-07,0.29,0.28,0.3,0.14,1.24,15.94,14.47,1.19,12.21,7.9,2.0,2.54
2024-08-08,0.23,0.23,0.23,0.14,1.5,14.59,12.64,1.09,13.26,6.26,2.0,1.43
2024-08-09,0.1,0.25,0.24,0.1,3.27,15.95,11.27,0.79,14.09,6.71,2.0,1.45
2024-08-10,0.12,0.29,0.28,0.09,2.14,16.71,13.71,0.82,13.25,7.93,2.1,1.28
2024-08-11,0.19,0.26,0.29,0.12,3.82,24.59,19.06,1.07,18.93,12.08,3.59,1.78
2024-08-12,0.15,0.26,0.26,0.05,1.0,13.0,11.74,0.71,21.54,13.63,2.58,0.81
2024-08-13,0.15,0.26,0.25,0.16,3.05,17.09,12.73,1.22,14.67,8.41,3.5,1.64
2024-08-14,0.16,0.27,0.28,0.13,1.82,15.27,12.64,1.12,11.29,5.52,4.27,1.89
2024-08-16,0.17,0.25,0.24,0.07,2.54,24.77,21.15,0.73,12.08,6.34,7.08,0.96
2024-08-17,0.13,0.27,0.27,0.15,3.59,20.23,15.18,1.04,11.44,6.13,6.41,1.28
2024-08-18,0.15,0.28,0.27,0.01,1.86,15.55,13.09,0.34,6.69,3.19,4.23,0.5
2024-08-19,0.19,0.27,0.27,0.09,4.64,23.32,16.55,0.89,14.72,8.36,4.5,1.12
2024-08-20,0.39,0.37,0.35,0.16,8.44,30.25,17.62,1.1,19.99,14.46,7.5,1.59
2024-08-21,0.31,0.31,0.33,0.03,1.65,13.8,11.65,0.47,14.77,9.32,2.95,0.66
2024-08-22,0.27,0.31,0.3,0.13,6.86,26.59,16.27,1.01,14.96,8.45,6.36,1.47
2024-08-23,0.25,0.31,0.33,0.16,3.6,28.2,22.8,1.23,16.58,9.48,5.0,1.92
2024-08-24,0.36,0.26,0.28,0.03,1.25,12.75,10.92,0.46,15.2,9.62,6.08,0.68
2024-08-25,0.3,0.22,0.22,0.01,1.32,11.82,10.05,0.3,10.47,5.15,4.14,0.47
2024-08-26,0.2,0.24,0.23,0.05,4.09,22.73,16.73,0.6,11.77,5.31,5.05,0.97
2024-08-27,0.29,0.31,0.29,0.14,4.23,24.23,18.09,0.95,13.24,6.49,5.05,1.4
2024-08-28,0.24,0.31,0.31,0.08,1.22,15.11,13.67,0.84,16.23,9.13,3.33,1.35
2024-08-29,0.29,0.32,0.31,0.12,2.41,21.91,18.64,1.04,13.59,8.34,3.45,1.4
2024-08-30,0.37,0.33,0.33,0.11,3.45,21.05,16.05,0.94,15.45,10.55,3.3,1.54
2024-08-31,0.23,0.33,0.33,0.06,1.27,14.55,13.0,0.7,16.76,11.87,3.0,1.17
2024-09-01,0.11,0.28,0.28,0.02,2.05,13.3,10.4,0.35,14.67,8.63,4.2,0.57
2024-09-02,0.27,0.31,0.3,0.1,4.92,26.15,19.15,0.97,15.14,9.61,3.77,1.5
2024-09-03,0.5,0.27,0.27,0.05,1.36,17.14,15.36,0.62,11.69,6.1,8.05,1.3
2024-09-04,0.36,0.27,0.27,0.03,1.14,13.86,12.41,0.54,10.32,4.92,6.23,1.0
2024-09-05,0.31,0.27,0.26,0.03,1.0,17.67,16.47,0.46,9.32,4.31,4.13,0.77
2024-09-06,0.29,0.26,0.25,0.07,3.09,21.64,17.09,0.59,8.62,4.1,4.64,0.99
2024-09-07,0.34,0.29,0.29,0.07,4.73,23.64,16.55,0.57,11.26,5.38,6.0,1.25
2024-09-08,0.26,0.29,0.29,0.04,2.18,21.86,18.59,0.45,11.7,5.41,8.18,0.8
2024-09-09,0.43,0.34,0.34,0.17,9.64,43.05,28.95,1.25,14.85,6.93,8.0,2.36
2024-09-10,0.27,0.27,0.27,0.06,1.86,16.0,13.36,0.62,15.27,7.72,4.41,1.28
2024-09-11,0.3,0.27,0.26,0.05,1.32,15.89,14.05,0.58,12.54,6.24,5.05,1.11
2024-09-12,0.24,0.28,0.28,0.05,1.27,18.82,17.05,0.6,7.31,3.37,4.0,1.14
2024-09-13,0.23,0.21,0.21,0.03,2.0,18.68,15.77,0.46,9.67,4.38,4.18,0.85
2024-09-14,0.33,0.25,0.24,0.05,8.0,30.09,18.05,0.55,12.49,6.43,7.0,1.16
2024-09-15,0.3,0.28,0.3,0.01,5.05,24.77,17.27,0.37,11.22,5.82,7.59,0.86
2024-09-16,0.48,0.39,0.34,0.09,10.64,37.36,21.59,0.82,13.69,6.76,10.59,1.5
2024-09-17,0.53,0.33,0.38,0.2,7.95,32.58,20.53,1.37,15.78,9.07,4.89,2.45
2024-09-18,0.5,0.33,0.33,0.12,8.24,30.41,18.53,1.03,23.14,14.97,5.06,2.13
2024-09-19,0.42,0.3,0.3,0.2,1.45,24.18,22.27,1.2,23.76,16.54,4.82,2.13
2024-09-20,0.6,0.33,0.33,0.21,7.11,38.44,28.28,1.23,19.79,12.61,4.11,2.61
2024-09-21,0.41,0.35,0.33,0.06,3.0,23.4,19.1,0.6,18.03,13.08,2.3,1.3
2024-09-22,0.32,0.31,0.31,0.02,1.18,17.09,15.59,0.42,18.17,14.01,2.45,1.0
2024-09-23,0.39,0.34,0.33,0.18,7.5,38.67,27.5,1.38,22.54,16.12,2.17,1.65
2024-09-25,0.21,0.27,0.28,0.17,2.52,19.48,15.91,1.15,13.1,7.0,3.48,1.24
2024-09-26,0.18,0.26,0.26,0.07,2.46,21.54,18.12,0.63,7.41,2.76,3.25,1.53
2024-09-27,0.16,0.2,0.2,0.02,0.62,11.17,10.42,0.43,10.03,4.44,3.29,0.9
2024-09-28,0.22,0.23,0.22,0.02,2.83,20.46,16.5,0.33,8.96,4.19,3.46,0.85
2024-09-29,0.38,0.27,0.27,0.06,5.12,34.62,27.29,0.6,10.97,5.36,5.17,1.54
2024-09-30,0.47,0.37,0.36,0.25,15.0,55.33,32.95,1.57,15.59,7.04,10.33,3.96
2024-10-01,0.09,0.27,0.27,0.06,0.78,8.89,8.0,0.54,16.26,8.61,2.56,0.59
2024-10-02,0.24,0.25,0.26,0.07,1.77,17.0,14.59,0.52,7.53,3.46,2.68,1.16
2024-10-03,0.18,0.24,0.22,0.04,3.12,22.58,18.12,0.46,7.32,3.34,4.54,1.22
2024-10-04,0.4,0.3,0.31,0.12,11.61,39.89,22.44,0.89,14.01,8.06,7.83,2.25
2024-10-05,0.38,0.31,0.31,0.1,7.4,34.6,23.65,0.84,13.1,8.17,7.0,1.91
2024-10-06,0.17,0.26,0.28,0.01,1.95,17.79,15.26,0.36,24.47,11.19,3.26,0.97
2024-10-07,0.16,0.24,0.25,0.08,3.48,23.43,18.39,0.61,18.12,8.36,3.48,1.03
2024-10-08,0.08,0.21,0.21,0.02,1.0,10.21,8.88,0.3,8.47,3.43,3.04,0.8
2024-10-09,0.04,0.2,0.2,0.0,0.83,8.33,7.21,0.08,7.46,2.36,3.12,0.33
2024-10-10,0.17,0.23,0.21,0.02,1.21,18.0,16.58,0.34,8.91,3.66,3.88,1.01
2024-10-11,0.3,0.28,0.28,0.06,7.46,34.88,23.67,0.73,13.3,6.97,5.71,1.88
2024-10-12,0.18,0.26,0.26,0.0,1.88,16.29,13.79,0.22,9.33,4.38,3.62,0.7
2024-10-13,0.24,0.27,0.26,0.02,2.5,23.75,20.21,0.41,8.62,5.01,3.79,1.29
2024-10-14,0.56,0.35,0.34,0.33,10.04,45.0,30.21,1.81,13.15,7.91,5.25,3.77
2024-10-15,0.36,0.3,0.32,0.12,4.29,27.62,21.29,0.85,23.95,11.05,4.19,2.25
2024-10-16,0.16,0.24,0.24,0.03,1.6,16.55,14.35,0.5,20.03,7.94,4.0,1.3
2024-10-17,0.17,0.23,0.24,0.05,0.75,16.38,15.21,0.45,8.8,4.11,4.38,1.42
2024-10-18,0.14,0.21,0.2,0.03,2.25,21.5,18.33,0.34,8.28,3.81,4.71,0.82
2024-10-19,0.31,0.28,0.26,0.02,3.83,28.83,23.42,0.37,10.04,4.81,5.46,1.17
2024-10-20,0.3,0.28,0.28,0.02,2.5,24.21,20.79,0.39,10.16,5.36,4.42,1.26
2024-10-21,0.33,0.28,0.28,0.02,3.59,23.0,17.65,0.39,12.21,6.1,5.88,2.39
2024-10-22,0.33,0.3,0.3,0.12,1.96,24.08,21.33,0.73,11.88,6.3,4.92,3.16
2024-10-23,0.39,0.28,0.28,0.56,7.67,38.79,27.5,2.23,15.05,9.03,7.5,4.92
2024-10-24,0.31,0.26,0.26,0.16,2.79,23.88,19.75,0.96,12.62,6.72,5.67,1.44
2024-10-25,0.73,0.27,0.28,0.08,3.0,28.46,24.17,0.57,12.13,7.12,5.62,1.54
2024-10-26,0.41,0.24,0.24,0.04,5.21,32.17,24.58,0.37,11.55,6.8,8.08,1.18
2024-10-27,0.33,0.25,0.24,0.03,5.08,29.58,22.17,0.37,6.89,3.94,6.0,1.19
2024-10-28,0.64,0.29,0.3,0.14,18.6,53.55,25.5,0.88,12.93,7.93,6.0,3.15
2024-10-29,0.6,0.29,0.28,0.26,16.45,54.15,29.35,1.25,19.58,13.22,7.6,3.44
2024-10-30,0.78,0.37,0.34,0.32,18.85,61.5,32.95,1.6,21.94,13.52,8.0,4.21
2024-10-31,0.72,0.37,0.38,0.26,30.0,77.0,31.58,1.42,29.44,15.54,8.75,3.97
2024-11-01,0.37,0.25,0.27,0.12,2.82,30.55,26.45,0.76,29.11,13.88,8.64,1.95
2024-11-02,0.39,0.27,0.27,0.05,9.96,40.04,25.13,0.49,25.78,13.3,12.35,1.63
2024-11-03,0.3,0.23,0.23,0.02,3.33,24.81,20.24,0.3,25.03,15.33,5.43,1.2
2024-11-04,0.55,0.3,0.3,0.15,10.47,46.73,31.2,0.88,17.37,8.69,4.53,3.48
2024-11-05,0.34,0.26,0.27,0.06,6.33,33.67,24.89,0.51,18.89,8.77,5.11,1.52
2024-11-06,0.63,0.37,0.37,0.35,17.73,59.95,33.23,1.69,27.75,13.97,9.32,4.37
2024-11-07,0.46,0.27,0.28,0.16,6.41,37.68,28.27,0.93,26.24,13.92,7.18,2.5
2024-11-08,0.13,0.17,0.2,0.0,0.5,10.5,10.5,0.22,21.53,12.08,5.5,0.68
2024-11-09,0.27,0.24,0.23,0.02,2.4,22.4,18.9,0.29,13.34,7.81,6.5,0.98
2024-11-10,0.31,0.22,0.23,0.0,3.83,30.92,25.21,0.16,10.16,5.64,7.62,1.02
2024-11-11,0.24,0.2,0.2,0.01,0.83,12.5,11.46,0.08,8.91,5.06,4.54,0.75
2024-11-12,0.22,0.17,0.17,0.0,0.96,14.92,13.58,0.1,10.14,5.35,4.17,0.65
2024-11-13,0.29,0.19,0.18,0.01,4.62,24.96,18.04,0.16,8.76,5.36,4.62,0.94
2024-11-14,0.68,0.3,0.28,0.11,17.71,52.71,26.14,0.69,13.33,8.76,8.81,2.86
2024-11-15,0.71,0.29,0.3,0.17,16.12,58.75,34.44,0.99,22.58,15.81,8.19,3.32
2024-11-16,0.49,0.24,0.23,0.04,5.88,36.12,27.46,0.35,24.01,12.34,5.58,1.66
2024-11-17,0.63,0.27,0.27,0.06,13.5,49.33,29.08,0.52,27.12,14.69,8.88,2.43
2024-11-18,0.6,0.29,0.28,0.17,15.2,53.8,31.0,0.88,22.25,14.43,6.35,3.26
2024-11-19,0.66,0.3,0.29,0.32,28.35,74.3,31.22,1.54,24.72,15.83,9.52,3.66
2024-11-20,0.18,0.17,0.19,0.01,0.95,16.57,15.48,0.18,14.88,8.14,5.38,1.07
2024-11-21,0.16,0.17,0.18,0.01,1.88,21.83,19.04,0.17,7.82,3.73,6.12,0.83
2024-11-22,0.34,0.15,0.14,0.03,3.75,26.58,21.04,0.26,9.68,4.32,6.96,1.07
2024-11-23,0.17,0.15,0.15,0.0,1.5,12.62,10.62,0.07,8.85,4.24,5.33,0.49
2024-11-24,0.11,0.18,0.18,0.0,1.08,9.71,8.29,0.03,10.94,4.67,5.0,0.29
2024-11-25,0.32,0.24,0.24,0.16,5.92,34.83,25.83,0.74,13.34,5.84,8.0,1.88
2024-11-26,0.76,0.24,0.24,0.54,18.08,69.88,42.58,2.25,15.63,9.09,13.58,6.31
2024-11-27,0.55,0.24,0.24,0.23,20.67,74.71,43.54,1.18,14.59,8.58,10.88,3.46
2024-11-28,0.51,0.24,0.25,0.17,10.75,57.04,40.92,0.9,14.39,8.2,5.62,2.71
2024-11-29,0.56,0.27,0.24,0.26,19.45,66.23,36.91,1.36,20.67,9.2,1.91,3.65
2024-11-30,0.72,0.33,0.34,0.14,15.06,63.5,40.72,0.86,37.65,18.22,3.5,3.44
2024-12-01,0.4,0.23,0.24,0.03,5.09,36.43,28.91,0.34,33.78,15.91,0.0,1.7
2024-12-02,0.52,0.26,0.27,0.14,13.87,50.48,29.7,0.79,34.09,15.95,0.87,5.87
2024-12-03,0.39,0.2,0.18,0.02,3.33,34.53,29.87,0.3,13.04,7.27,1.47,2.84
2024-12-04,0.54,0.22,0.21,0.08,7.75,45.33,33.88,0.51,11.03,7.15,2.08,3.47
2024-12-05,0.77,0.33,0.32,0.26,28.92,86.62,42.79,1.25,14.33,8.04,6.04,4.37
2024-12-06,0.39,0.25,0.27,0.03,2.38,27.54,24.46,0.33,12.12,7.03,1.62,1.67
2024-12-07,0.19,0.15,0.17,0.0,0.58,11.67,10.92,0.06,10.63,6.22,1.88,0.56
2024-12-08,0.2,0.15,0.14,0.0,0.29,6.12,5.92,0.0,14.82,7.79,1.08,0.16
2024-12-09,0.38,0.2,0.2,0.0,1.83,17.04,14.54,0.07,11.03,5.42,0.62,0.68
2024-12-10,0.77,0.2,0.19,0.03,3.25,29.08,24.54,0.23,9.28,4.63,0.46,1.39
2024-12-11,0.91,0.27,0.26,0.0,13.91,53.65,32.57,0.26,11.69,7.85,2.48,1.64
2024-12-12,1.12,0.37,0.37,0.36,43.62,110.46,44.23,1.55,15.9,9.65,4.69,5.19
2024-12-13,0.87,0.33,0.35,0.17,18.79,65.68,37.32,0.85,17.6,10.9,4.21,3.2
2024-12-14,0.88,0.3,0.3,0.13,8.0,40.11,28.16,0.79,13.62,9.05,5.21,2.6
2024-12-15,0.88,0.27,0.27,0.13,5.29,35.17,27.46,0.79,7.93,4.83,1.54,2.6
2024-12-16,0.66,0.24,0.24,0.11,9.25,51.3,37.7,0.67,11.32,7.01,1.55,2.51
2024-12-17,0.38,0.19,0.21,0.03,5.0,38.0,30.5,0.35,9.77,4.66,1.17,1.61
2024-12-18,0.23,0.21,0.2,0.04,3.41,23.82,19.0,0.18,26.08,9.38,0.91,1.07
2024-12-19,0.22,0.17,0.19,0.0,1.0,16.1,14.85,0.08,59.88,21.75,2.45,0.69
2024-12-20,0.4,0.22,0.22,0.02,2.64,34.55,31.09,0.21,10.53,4.75,4.5,1.31
2024-12-21,0.6,0.28,0.26,0.05,11.33,55.21,38.29,0.39,8.64,4.91,2.5,2.13
2024-12-22,0.33,0.22,0.25,0.02,5.71,29.29,20.83,0.19,10.99,7.0,2.17,1.21
2024-12-23,0.15,0.14,0.13,0.0,0.75,9.58,8.71,0.0,13.79,7.13,1.54,0.22
2024-12-24,0.4,0.23,0.22,0.02,3.17,31.75,27.67,0.16,10.58,5.6,4.42,1.32
2024-12-25,0.33,0.22,0.23,0.01,0.88,14.08,12.96,0.06,9.32,6.12,2.25,0.8
2024-12-26,0.45,0.27,0.24,0.05,7.79,32.12,20.5,0.28,9.42,6.39,1.5,1.68
2024-12-27,0.36,0.19,0.21,0.03,4.5,31.88,25.58,0.28,10.72,7.6,1.33,1.49
2024-12-28,0.45,0.21,0.19,0.01,7.0,38.59,28.05,0.19,10.49,7.42,2.91,1.51
2024-12-29,0.48,0.25,0.25,0.01,9.65,42.47,27.82,0.23,14.24,11.32,2.88,1.77
2024-12-30,0.6,0.26,0.25,0.06,18.76,61.14,32.71,0.47,10.96,8.11,3.1,2.91
2024-12-31,0.75,0.3,0.29,0.06,15.25,55.21,32.21,0.45,10.64,7.74,5.46,2.04
2025-01-01,0.49,0.21,0.23,0.01,4.62,31.25,24.54,0.08,10.96,8.45,2.92,0.88
2025-01-02,0.34,0.2,0.2,0.01,3.83,31.38,26.12,0.13,6.61,3.87,2.08,1.04
2025-01-03,0.4,0.26,0.26,0.0,3.08,30.67,26.42,0.07,7.7,4.67,2.0,0.99
2025-01-04,0.32,0.2,0.21,0.0,1.71,17.75,15.54,0.02,7.26,4.77,1.71,0.71
2025-01-05,0.16,0.14,0.14,0.0,0.67,8.58,7.83,0.0,7.96,4.94,1.21,0.16
2025-01-06,0.23,0.18,0.16,0.0,1.25,18.12,16.67,0.03,6.22,2.99,2.5,0.36
2025-01-07,0.3,0.2,0.2,0.01,3.08,27.04,22.71,0.11,7.98,3.92,2.58,1.23
2025-01-08,0.14,0.19,0.19,0.02,1.04,10.58,9.25,0.07,4.63,1.28,1.17,2.16
2025-01-09,0.31,0.19,0.18,0.02,2.52,26.61,23.09,0.16,7.18,3.14,2.74,1.05
2025-01-10,0.44,0.19,0.18,0.03,3.83,35.0,29.54,0.29,11.65,5.61,2.54,1.88
2025-01-11,0.27,0.2,0.22,0.01,0.5,13.79,13.25,0.08,10.96,5.83,2.88,0.7
2025-01-12,0.35,0.15,0.14,0.0,0.83,12.0,11.0,0.02,11.13,6.43,1.29,0.36
2025-01-13,0.64,0.26,0.25,0.05,10.04,47.96,33.08,0.26,10.25,6.08,5.71,1.44
2025-01-14,0.86,0.31,0.31,0.1,13.4,60.95,40.7,0.6,17.1,11.06,8.85,2.55
2025-01-15,1.02,0.38,0.34,0.31,29.78,88.0,42.56,1.42,22.9,15.81,10.78,4.15
2025-01-16,1.0,0.37,0.38,0.36,34.45,92.27,39.95,1.7,24.65,17.35,7.59,5.58
2025-01-17,1.01,0.4,0.38,0.44,34.42,96.08,43.79,2.32,23.2,16.45,7.08,4.43
2025-01-18,0.92,0.35,0.35,0.17,15.32,63.05,40.09,0.76,21.13,14.04,7.0,2.83
2025-01-19,0.53,0.25,0.28,0.03,3.75,29.65,24.4,0.18,13.91,9.78,3.9,1.03
2025-01-20,0.46,0.28,0.27,0.0,4.14,30.81,25.0,0.16,7.37,4.52,2.52,1.04
2025-01-21,0.4,0.22,0.24,0.04,3.55,24.14,19.18,0.26,10.68,6.97,2.45,0.98
2025-01-22,0.3,0.22,0.2,0.06,3.42,28.83,23.83,1.52,8.1,4.05,2.08,1.23
2025-01-23,0.6,0.3,0.29,0.09,6.14,38.27,29.23,0.45,9.19,4.38,3.5,2.25
2025-01-24,0.15,0.17,0.18,0.05,1.26,11.87,10.17,0.22,9.02,4.05,1.83,0.49
2025-01-25,0.22,0.18,0.18,0.0,0.88,15.33,14.33,0.01,4.94,1.93,2.08,0.35
2025-01-26,0.16,0.12,0.12,0.0,0.82,10.18,9.27,0.01,5.95,3.02,1.91,0.33
2025-01-27,0.28,0.24,0.24,0.02,2.33,23.38,20.08,0.11,8.26,3.93,2.25,0.7
2025-01-28,0.16,0.11,0.11,0.0,0.88,11.08,9.96,0.01,7.18,3.01,1.88,0.2
2025-01-29,0.21,0.15,0.16,0.01,1.79,18.17,15.92,0.06,7.26,3.2,1.96,0.5
2025-01-30,0.24,0.14,0.15,0.0,0.54,9.62,8.96,0.01,9.47,5.02,2.04,0.3
2025-01-31,0.57,0.22,0.18,0.13,16.48,63.35,38.48,0.6,16.27,8.12,10.43,2.25
2025-02-01,0.3,0.23,0.23,0.0,1.33,19.44,17.83,0.06,14.8,8.61,3.33,0.57
2025-02-02,0.38,0.22,0.22,0.0,3.42,27.58,22.79,0.08,10.48,6.34,4.75,0.83
2025-02-03,0.49,0.27,0.25,0.07,6.59,45.32,35.36,0.39,9.22,4.74,7.73,1.69
2025-02-04,0.8,0.33,0.31,0.16,17.67,68.42,41.58,0.85,16.54,9.49,15.42,3.28
2025-02-05,0.67,0.34,0.33,0.15,7.85,47.62,35.85,0.68,22.52,12.75,6.08,3.52
2025-02-06,0.69,0.32,0.33,0.1,12.29,50.96,32.46,0.63,24.21,16.25,8.08,2.78
2025-02-07,0.52,0.26,0.27,0.01,3.81,32.95,27.52,0.15,19.33,14.33,3.95,1.85
2025-02-08,0.47,0.26,0.25,0.01,4.67,38.88,32.04,0.15,7.68,4.6,4.33,2.1
2025-02-09,0.53,0.29,0.27,0.02,11.21,46.79,30.08,0.2,10.17,6.28,3.58,1.81
2025-02-10,0.6,0.3,0.33,0.09,18.75,58.21,30.08,0.61,13.46,7.76,3.25,3.81
2025-02-11,0.36,0.22,0.21,0.01,4.9,29.85,22.7,0.18,13.38,8.9,2.85,1.12
2025-02-12,0.47,0.25,0.25,0.0,2.06,29.59,26.82,0.11,12.65,7.92,3.76,1.17
2025-02-13,0.74,0.31,0.29,0.33,14.78,63.35,41.09,1.43,13.74,7.5,8.39,4.53
2025-02-14,0.63,0.3,0.28,0.07,12.71,58.0,39.0,0.53,15.45,9.45,7.21,2.63
2025-02-15,0.54,0.25,0.26,0.06,7.45,39.82,29.05,0.41,14.39,8.01,6.45,2.17
2025-02-16,0.42,0.26,0.24,0.01,3.23,29.73,25.27,0.14,12.32,7.28,6.23,1.41
2025-02-17,0.71,0.36,0.33,0.02,4.75,39.12,32.25,0.23,15.02,9.85,6.5,1.78
2025-02-18,0.54,0.26,0.28,0.06,3.79,32.74,27.37,0.44,19.48,12.1,8.58,2.42
2025-02-19,0.45,0.24,0.23,0.09,5.23,41.64,34.09,0.48,23.4,14.64,7.5,3.08
2025-02-20,0.38,0.27,0.29,0.12,3.0,29.5,25.56,0.6,22.34,13.7,6.33,19.07
2025-02-21,0.3,0.23,0.23,0.02,2.82,18.18,14.12,0.13,13.93,7.62,3.18,1.17
2025-02-22,0.32,0.19,0.18,0.04,2.67,23.89,20.17,0.09,12.19,7.44,5.94,0.97
2025-02-23,0.44,0.23,0.22,0.01,4.14,33.95,27.91,0.1,12.09,6.79,10.14,1.33
2025-02-24,0.25,0.2,0.2,0.0,1.59,16.55,14.23,0.05,8.69,4.35,3.95,0.85
2025-02-25,0.2,0.2,0.21,0.0,1.0,14.32,13.09,0.0,9.41,4.28,5.5,0.58
2025-02-26,0.33,0.21,0.2,0.03,5.32,34.77,27.23,0.16,10.13,5.02,5.18,1.28
2025-02-27,0.47,0.26,0.27,0.11,11.64,48.23,30.86,0.4,16.11,8.01,7.45,2.78
2025-02-28,0.64,0.33,0.3,0.11,22.9,72.0,37.3,0.55,20.05,10.88,9.9,3.25
2025-03-01,0.28,0.18,0.22,0.0,2.7,15.9,12.1,0.07,17.48,10.18,5.0,0.55
2025-03-02,0.38,0.21,0.2,0.0,2.64,20.77,17.05,0.0,11.78,7.17,5.68,0.46
2025-03-03,0.59,0.3,0.3,0.0,6.5,41.91,32.45,0.1,14.59,9.54,5.55,1.27
2025-03-04,0.49,0.28,0.3,0.07,7.45,42.82,32.0,0.38,19.92,12.39,4.09,2.29
2025-03-05,0.38,0.24,0.24,0.01,4.77,30.68,23.73,0.16,26.2,13.02,4.05,1.42
2025-03-06,0.28,0.2,0.2,0.0,1.56,14.38,12.38,0.03,22.06,9.97,3.31,0.53
2025-03-07,0.31,0.22,0.22,0.0,2.21,14.47,11.42,0.05,14.21,7.38,3.58,0.67
2025-03-08,0.21,0.23,0.23,0.0,1.45,14.73,12.77,0.0,9.72,5.16,3.27,0.4
2025-03-09,0.22,0.17,0.16,0.0,1.41,15.32,13.5,0.0,5.64,2.22,4.05,0.34
2025-03-10,0.29,0.21,0.21,0.06,3.27,24.59,20.05,0.26,5.26,1.9,3.91,0.78
2025-03-11,0.34,0.27,0.27,0.01,4.14,26.91,20.68,0.1,7.86,3.23,5.36,2.47
2025-03-12,0.23,0.21,0.22,0.01,2.05,23.27,20.36,0.08,7.4,3.74,5.41,4.71
2025-03-13,0.24,0.18,0.18,0.01,1.32,18.45,16.68,0.08,8.48,5.24,4.5,1.8
2025-03-14,0.31,0.22,0.21,0.0,3.0,30.5,26.59,0.05,8.1,4.99,3.95,0.97
2025-03-15,0.35,0.24,0.23,0.0,1.91,27.5,24.82,0.01,11.3,8.84,4.82,0.72
2025-03-16,0.31,0.2,0.22,0.0,2.6,21.8,18.4,0.0,13.45,10.94,9.27,0.43
2025-03-17,0.52,0.26,0.27,0.01,13.64,50.18,29.82,0.19,13.6,9.45,10.73,1.43
2025-03-18,0.37,0.25,0.25,0.0,4.05,27.59,21.64,0.04,10.7,6.25,8.45,0.82
2025-03-19,0.24,0.2,0.2,0.0,3.14,18.55,13.91,0.03,6.78,3.02,3.59,0.68
2025-03-20,0.23,0.22,0.22,0.0,2.33,16.67,13.29,0.01,13.46,5.53,3.24,0.8
2025-03-21,0.17,0.21,0.2,0.0,1.94,17.06,14.53,0.0,23.65,8.49,3.47,0.66
2025-03-22,0.14,0.16,0.16,0.0,1.0,11.14,10.05,0.0,3.99,1.24,3.82,0.26
2025-03-23,0.18,0.16,0.14,0.0,1.05,14.27,13.0,0.0,6.52,2.87,4.77,0.18
2025-03-24,0.28,0.27,0.28,0.0,1.41,24.64,22.91,0.05,11.15,6.43,5.14,0.96
2025-03-25,0.29,0.23,0.22,0.0,2.25,19.95,16.85,0.04,11.48,7.34,4.25,0.74
2025-03-26,0.02,0.27,0.3,0.0,0.95,15.35,14.1,0.0,15.64,11.9,3.8,0.02
2025-03-27,0.15,0.2,0.26,0.0,1.14,17.5,15.93,0.05,16.47,11.99,5.14,0.63
2025-03-28,0.11,0.18,0.17,0.0,2.28,21.11,18.11,0.02,14.11,10.14,4.72,1.22
2025-03-29,0.08,0.17,0.17,0.0,0.45,8.18,7.59,0.0,12.1,6.81,3.86,0.05
2025-03-30,0.19,0.21,0.2,0.0,3.18,24.55,20.05,0.03,14.54,7.64,7.77,0.61
2025-03-31,0.3,0.26,0.25,0.01,9.45,38.59,24.45,0.15,16.45,9.0,10.45,1.13
2025-04-01,0.64,0.36,0.32,0.1,23.0,72.92,38.31,0.6,17.46,9.85,11.54,3.13
2025-04-02,0.33,0.27,0.28,0.05,7.68,39.95,28.5,0.34,23.96,14.13,11.32,1.99
2025-04-03,0.2,0.23,0.22,0.04,3.6,26.65,21.25,0.2,10.88,5.67,4.2,0.91
2025-04-04,0.18,0.24,0.23,0.0,2.15,17.05,14.3,0.06,12.95,6.15,4.2,0.63
2025-04-05,0.09,0.23,0.24,0.0,1.14,13.09,11.82,0.0,7.28,3.59,4.82,0.3
2025-04-06,0.17,0.24,0.24,0.0,3.32,20.5,15.91,0.06,8.94,5.51,7.73,0.76
2025-04-07,0.21,0.26,0.25,0.04,2.84,28.42,24.37,0.23,15.28,11.15,9.58,1.67
2025-04-08,0.34,0.32,0.32,0.09,9.29,45.67,32.24,0.54,24.45,16.18,11.24,2.54
2025-04-09,0.49,0.33,0.34,0.13,10.33,41.94,26.89,0.61,36.35,28.81,10.72,2.97
2025-04-10,0.38,0.3,0.3,0.12,5.47,39.95,32.21,0.64,26.52,16.99,8.47,2.78
2025-04-11,0.15,0.25,0.26,0.04,2.5,20.64,17.57,0.34,20.77,11.84,6.14,1.13
2025-04-12,0.1,0.26,0.26,0.0,1.65,18.0,16.1,0.01,14.39,8.93,6.0,0.6
2025-04-13,0.03,0.21,0.22,0.0,0.67,10.62,10.0,0.0,16.14,12.74,5.95,0.14
2025-04-14,0.32,0.23,0.24,0.04,9.2,43.07,29.73,0.28,18.16,11.94,7.07,2.03
2025-04-15,0.04,0.17,0.18,0.0,0.67,10.67,9.93,0.0,11.32,5.81,6.27,0.13
2025-04-16,0.08,0.2,0.16,0.0,1.21,19.43,18.14,0.03,6.75,2.59,6.29,0.28
2025-04-17,0.15,0.23,0.23,0.0,2.73,23.95,20.59,0.04,9.39,4.38,7.91,0.6
2025-04-18,0.07,0.22,0.23,0.0,1.33,13.33,11.81,0.01,10.03,5.19,7.14,0.3
2025-04-19,0.06,0.21,0.22,0.0,1.19,12.24,10.62,0.0,5.05,2.15,6.14,0.08
2025-04-20,0.05,0.21,0.21,0.0,1.33,15.71,13.9,0.0,5.28,2.35,6.38,0.11
2025-04-21,0.06,0.2,0.2,0.0,1.14,13.76,12.33,0.0,10.63,5.83,7.86,0.13
2025-04-22,0.07,0.2,0.21,0.0,2.62,23.19,19.52,0.03,10.84,6.14,8.1,0.46
2025-04-23,0.19,0.22,0.22,0.02,7.38,35.71,25.0,0.23,15.62,7.85,11.48,1.16
2025-04-24,0.04,0.2,0.2,0.0,2.1,16.95,14.1,0.06,14.33,7.32,10.62,0.83
2025-04-25,0.14,0.26,0.25,0.02,10.33,33.81,18.38,0.19,15.41,8.46,10.9,1.57
2025-04-26,0.02,0.23,0.23,0.0,0.76,8.86,8.1,0.0,11.15,5.85,6.57,0.11
2025-04-27,0.05,0.21,0.21,0.0,0.57,8.86,8.48,0.0,8.79,4.86,6.14,0.19
2025-04-28,0.28,0.3,0.29,0.0,13.27,47.55,28.09,0.1,13.6,8.48,9.91,1.42
2025-04-29,0.14,0.21,0.22,0.01,2.38,20.05,16.95,0.12,13.53,6.72,6.57,0.7
2025-04-30,0.09,0.21,0.21,0.02,2.14,16.29,13.33,0.17,11.73,4.59,6.0,0.46
2025-05-01,0.1,0.21,0.2,0.0,1.57,16.0,13.81,0.01,13.63,5.55,10.33,0.41
2025-05-02,0.47,0.41,0.37,0.04,3.6,28.0,23.4,0.19,17.93,9.44,7.93,1.39
2025-05-03,0.08,0.23,0.23,0.0,1.9,15.33,13.14,0.01,12.97,6.2,6.86,0.38
2025-05-04,0.1,0.25,0.27,0.0,2.43,17.29,14.29,0.01,12.07,7.7,8.24,0.5
2025-05-05,0.12,0.24,0.24,0.0,1.05,10.62,9.33,0.0,11.84,6.86,6.62,0.29
2025-05-06,0.1,0.18,0.18,0.0,1.33,16.48,14.76,0.04,10.82,5.22,6.62,0.58
2025-05-07,0.15,0.2,0.21,0.01,4.15,23.35,17.35,0.06,14.75,8.31,7.85,0.56
2025-05-08,0.24,0.23,0.2,0.01,7.77,36.08,25.0,0.14,17.37,10.22,8.85,1.11
2025-05-09,0.26,0.27,0.29,0.11,6.24,38.76,29.71,0.54,21.21,15.19,8.47,2.29
2025-05-10,0.21,0.22,0.22,0.01,4.73,29.07,22.67,0.17,16.98,12.67,7.93,1.17
2025-05-11,0.11,0.18,0.2,0.0,2.24,17.19,14.29,0.07,12.78,8.53,8.86,0.59
2025-05-12,0.13,0.21,0.2,0.01,4.9,27.62,20.67,0.09,12.16,7.22,10.81,0.93
2025-05-13,0.22,0.34,0.31,0.0,8.38,42.62,30.62,0.2,15.08,9.56,16.12,1.42
2025-05-14,0.14,0.29,0.29,0.02,4.95,25.48,18.52,0.2,14.86,9.11,7.1,1.17
2025-05-15,0.11,0.24,0.25,0.0,1.43,16.57,14.86,0.11,11.11,6.23,21.1,0.74
2025-05-16,0.22,0.25,0.23,0.08,8.0,31.12,19.12,0.41,15.83,9.47,10.88,1.62
2025-05-17,0.26,0.29,0.26,0.0,2.33,22.67,19.81,0.14,25.09,18.91,10.81,1.08
2025-05-18,0.3,0.32,0.32,0.0,3.57,26.29,21.24,0.13,22.54,16.48,14.0,1.12
2025-05-19,0.34,0.36,0.31,0.0,1.75,18.25,16.12,0.04,18.61,11.74,9.0,0.53
2025-05-20,0.21,0.25,0.23,0.01,3.86,21.9,16.48,0.09,13.93,7.75,10.0,0.48
2025-05-21,0.35,0.29,0.29,0.0,6.64,31.64,22.27,0.13,19.32,12.31,12.91,0.86
2025-05-22,0.16,0.28,0.23,0.0,0.26,8.16,8.05,0.0,13.54,7.23,6.63,0.11
2025-05-23,0.27,0.33,0.31,0.0,3.92,29.17,23.67,0.1,14.93,8.98,8.58,0.64
2025-05-24,0.3,0.2,0.21,0.0,1.5,17.88,15.88,0.03,15.05,10.56,18.0,0.32
2025-05-25,0.33,0.28,0.23,0.0,1.64,12.82,10.36,0.04,13.86,9.66,10.0,0.21
2025-05-26,0.1,0.22,0.23,0.0,0.62,8.81,8.1,0.0,9.65,5.58,6.0,0.09
2025-05-27,0.14,0.22,0.23,0.0,3.48,22.29,17.48,0.09,14.22,7.44,10.19,0.84
2025-05-28,0.39,0.34,0.3,0.0,11.57,48.14,30.57,0.26,16.48,9.16,14.71,1.92
2025-05-29,0.21,0.26,0.26,0.0,7.41,34.41,23.41,0.15,17.21,9.52,8.12,1.16
2025-05-30,0.42,0.39,0.39,0.03,4.0,29.56,24.0,0.24,24.55,14.29,7.06,1.4
2025-05-31,0.33,0.34,0.32,0.0,0.65,8.6,7.9,0.0,21.7,13.96,6.0,0.08
2025-06-01,0.14,0.28,0.32,0.0,0.62,6.95,6.19,0.0,11.3,7.19,6.29,0.09
2025-06-02,0.23,0.34,0.32,0.0,1.05,19.24,18.1,0.08,10.22,6.12,6.14,0.81
2025-06-03,0.21,0.29,0.3,0.0,1.67,27.5,25.33,0.18,18.87,13.21,6.08,3.23
2025-06-04,0.29,0.25,0.26,0.01,5.21,28.0,20.79,0.17,21.55,14.44,7.47,0.95
2025-06-05,0.1,0.24,0.24,0.0,5.33,26.67,19.0,0.06,14.87,8.39,6.17,0.79
2025-06-06,0.21,0.25,0.25,0.01,6.76,27.0,16.95,0.13,14.87,7.61,6.62,0.92
2025-06-07,0.07,0.21,0.21,0.0,0.81,12.29,11.29,0.01,12.02,6.41,5.24,0.24
2025-06-08,0.14,0.28,0.28,0.0,0.55,11.7,11.05,0.02,14.6,9.58,5.2,0.23
2025-06-09,0.52,0.34,0.33,0.0,4.89,28.68,21.63,0.14,26.18,20.01,6.79,1.12
2025-06-10,0.92,0.41,0.4,0.04,5.18,27.59,20.18,0.3,36.05,28.2,5.47,1.5
2025-06-11,0.43,0.37,0.39,0.05,3.11,30.0,26.06,0.33,33.63,23.36,5.06,1.68
2025-06-12,0.39,0.32,0.33,0.01,3.78,25.5,20.17,0.14,26.83,17.83,5.0,0.91
2025-06-13,0.65,0.4,0.49,0.12,10.83,42.5,27.0,0.72,30.03,22.35,5.33,2.49
2025-06-17,0.22,0.34,0.33,0.0,2.33,19.44,16.11,0.11,17.57,11.17,5.06,1.04
2025-06-18,0.32,0.37,0.35,0.04,4.36,33.91,27.82,0.23,20.65,13.59,6.55,1.6
2025-06-19,0.71,0.58,0.55,0.24,4.12,35.24,29.59,0.68,28.81,19.85,5.0,2.62
2025-06-20,0.29,0.31,0.37,0.15,4.64,33.91,27.27,0.37,39.5,24.23,5.0,1.68
2025-06-21,0.36,0.36,0.36,0.0,0.42,9.53,9.0,0.02,31.16,19.41,5.0,0.25
2025-06-22,0.19,0.36,0.38,0.0,0.5,10.0,9.44,0.02,20.13,13.76,5.0,0.33
2025-06-23,0.3,0.34,0.32,0.02,2.13,19.0,16.07,0.07,20.58,13.78,5.0,1.01
2025-06-24,0.29,0.32,0.33,0.34,3.76,22.9,17.67,0.67,24.12,16.13,5.0,1.36
2025-06-25,0.12,0.25,0.25,0.17,3.47,20.47,15.65,0.31,24.43,12.7,5.0,1.19
2025-06-26,0.25,0.33,0.31,0.26,1.4,12.2,10.6,0.32,18.47,10.8,5.0,0.81
2025-06-27,0.26,0.31,0.31,0.39,5.33,25.14,17.24,0.58,16.4,9.61,5.33,1.74
2025-06-28,0.31,0.36,0.33,0.02,9.0,32.67,19.33,0.32,16.4,9.86,5.0,2.14
2025-06-29,0.15,0.28,0.28,0.0,3.19,21.75,17.38,0.08,14.89,8.74,5.19,0.8
2025-06-30,0.28,0.37,0.37,0.05,4.22,27.56,21.67,0.29,22.27,12.23,5.83,1.75
2025-07-01,0.13,0.31,0.33,0.02,1.19,13.62,12.1,0.11,25.59,17.45,5.0,0.8
2025-07-02,0.3,0.42,0.36,0.0,0.76,10.06,9.18,0.08,13.99,8.71,5.0,0.6
2025-07-03,0.06,0.25,0.26,0.0,0.9,11.52,10.43,0.05,15.88,7.03,5.0,0.74
2025-07-04,0.17,0.34,0.32,0.02,3.07,20.29,15.64,0.2,19.91,10.33,5.0,1.14
2025-07-05,0.15,0.29,0.3,0.02,0.23,7.77,7.62,0.13,19.15,10.19,5.0,0.65
2025-07-06,0.16,0.24,0.24,0.0,0.95,9.86,8.43,0.02,15.56,8.07,5.0,0.44
2025-07-07,0.16,0.26,0.25,0.02,1.1,10.62,9.24,0.14,12.48,7.34,5.95,0.63
2025-07-08,0.11,0.24,0.26,0.0,2.43,13.95,10.67,0.09,15.14,7.28,5.1,0.87
2025-07-09,0.08,0.24,0.23,0.01,2.67,17.29,13.52,0.12,14.64,7.29,5.29,0.87
2025-07-10,0.12,0.24,0.24,0.01,2.52,19.95,16.52,0.13,15.21,8.53,5.14,1.41
2025-07-11,0.21,0.33,0.33,0.06,3.25,27.88,23.38,0.36,23.84,13.91,7.31,1.72
2025-07-12,0.21,0.36,0.35,0.01,1.94,16.61,13.89,0.09,21.11,13.89,5.0,0.78
2025-07-13,0.37,0.41,0.42,0.0,0.38,6.81,6.38,0.03,18.73,12.49,5.0,0.28
2025-07-14,0.13,0.27,0.27,0.0,1.26,15.47,13.95,0.03,16.05,10.0,5.0,1.06
2025-07-15,0.1,0.26,0.25,0.0,3.95,18.05,12.42,0.1,14.42,7.81,5.16,0.78
2025-07-16,0.31,0.33,0.31,0.01,7.0,30.9,20.4,0.24,20.79,13.73,7.3,3.01
2025-07-17,0.24,0.33,0.33,0.03,5.32,21.14,13.32,0.21,23.94,15.85,5.18,2.15
2025-07-18,0.06,0.25,0.25,0.0,0.65,8.41,7.47,0.02,18.97,12.03,5.0,0.4
2025-07-19,0.09,0.25,0.25,0.0,1.48,11.43,9.33,0.04,10.88,6.65,5.1,0.49
2025-07-20,0.12,0.24,0.25,0.0,0.52,9.33,8.81,0.01,10.94,6.05,6.43,0.26
2025-07-21,0.13,0.24,0.23,0.01,4.1,22.43,16.48,0.06,17.15,8.11,7.62,1.06
2025-07-22,0.14,0.26,0.26,0.01,4.29,23.57,17.52,0.11,17.49,6.9,5.33,1.31
2025-07-23,0.09,0.24,0.24,0.0,1.1,11.43,9.95,0.05,12.43,5.57,5.29,0.58
2025-07-24,0.12,0.29,0.27,0.0,1.4,11.45,9.7,0.01,10.22,4.04,5.0,0.42
2025-07-25,0.14,0.25,0.31,0.0,1.35,13.29,11.71,0.06,15.41,10.62,5.0,0.63
2025-07-26,0.13,0.29,0.26,0.0,2.62,19.86,16.33,0.03,18.74,14.73,6.19,0.55
2025-07-27,0.04,0.23,0.26,0.0,1.26,10.89,9.16,0.02,16.93,13.42,5.79,0.46
2025-07-28,0.22,0.33,0.28,0.0,1.33,10.05,8.43,0.04,9.02,5.09,5.0,0.64
2025-07-29,0.38,0.42,0.42,0.0,0.71,8.05,7.29,0.01,11.12,6.46,5.0,0.58
2025-07-30,0.09,0.27,0.32,0.02,2.14,15.24,12.43,0.12,9.18,4.87,5.0,1.33
2025-07-31,0.07,0.26,0.26,0.0,0.67,7.05,6.29,0.02,6.44,3.03,5.0,0.41
2025-08-01,0.15,0.3,0.3,0.0,2.86,16.52,12.38,0.06,11.74,6.74,5.24,0.68
2025-08-02,0.22,0.35,0.37,0.0,1.1,7.57,6.14,0.03,8.5,4.49,5.0,0.36
2025-08-03,0.07,0.24,0.24,0.0,1.81,11.19,8.57,0.01,12.38,7.36,5.1,0.31
2025-08-04,0.16,0.29,0.27,0.01,3.31,23.85,19.31,0.1,15.38,9.29,5.54,1.88
2025-08-05,0.19,0.33,0.34,0.03,3.53,21.53,16.41,0.2,18.54,11.6,5.24,1.47
2025-08-06,0.08,0.2,0.19,0.0,0.57,9.48,8.76,0.03,11.62,6.2,5.0,0.54
2025-08-07,0.14,0.26,0.29,0.01,2.23,19.31,16.15,0.16,16.54,8.78,5.38,1.14
2025-08-08,0.13,0.27,0.25,0.0,0.0,9.08,9.0,0.11,17.97,9.53,5.0,0.86
2025-08-09,0.28,0.33,0.32,0.0,1.68,16.91,14.5,0.1,14.08,7.63,5.77,0.9
2025-08-10,0.5,0.49,0.52,0.0,1.56,13.28,11.11,0.06,14.84,9.3,5.0,0.94
2025-08-11,0.4,0.45,0.45,0.03,3.55,23.2,18.5,0.2,27.86,16.51,5.0,1.7
2025-08-12,0.32,0.39,0.4,0.0,0.5,23.5,23.17,0.2,37.15,20.76,5.25,1.43
2025-08-13,0.29,0.38,0.38,0.02,1.47,20.65,18.71,0.22,38.69,22.03,5.0,1.6
2025-08-14,0.06,0.38,0.36,0.0,0.0,4.5,4.5,0.06,25.33,19.45,5.0,0.2
2025-08-15,0.18,0.36,0.35,0.01,4.6,23.8,17.3,0.12,23.28,18.8,5.0,1.03
2025-08-16,0.25,0.42,0.41,0.0,0.17,6.0,5.89,0.0,28.28,23.25,5.0,0.4
2025-08-17,0.21,0.44,0.42,0.0,0.56,10.06,9.31,0.01,24.42,22.46,5.0,0.54
2025-08-18,0.18,0.34,0.39,0.0,0.14,10.79,10.57,0.04,18.44,15.99,5.0,0.77
2025-08-19,0.12,0.33,0.34,0.01,4.11,25.89,20.22,0.13,15.31,12.72,5.0,1.28
2025-08-20,0.13,0.31,0.32,0.0,11.0,33.47,17.27,0.13,9.51,6.72,5.0,1.17
2025-08-21,0.19,0.31,0.32,0.0,1.69,13.08,10.85,0.05,9.8,7.41,5.0,0.58
2025-08-22,0.12,0.29,0.3,0.0,8.05,26.05,14.05,0.03,11.0,8.09,5.0,0.58
2025-08-23,0.24,0.29,0.29,0.0,9.71,34.71,20.43,0.07,11.02,8.14,5.19,0.84
2025-08-24,0.26,0.36,0.35,0.0,8.46,29.08,16.62,0.05,13.68,11.12,5.0,1.02
2025-08-25,0.39,0.44,0.44,0.01,5.43,25.33,17.57,0.17,15.99,13.36,5.0,1.31
2025-08-26,0.34,0.4,0.41,0.0,1.52,13.9,12.0,0.09,17.5,15.24,5.0,0.68
2025-08-27,0.23,0.31,0.3,0.02,1.46,16.38,14.62,0.19,9.4,6.95,5.0,1.04
2025-08-28,0.08,0.19,0.21,0.0,4.62,18.38,11.56,0.03,11.68,8.92,5.06,0.38
2025-08-29,0.05,0.2,0.2,0.01,2.9,16.71,12.52,0.04,8.73,4.92,5.19,0.52
2025-08-30,0.06,0.24,0.23,0.0,3.1,15.05,10.55,0.01,7.35,4.58,5.0,0.22
2025-08-31,0.15,0.27,0.27,0.0,2.86,17.95,14.14,0.02,5.91,3.73,5.1,0.32
2025-09-01,0.15,0.2,0.21,0.0,4.86,21.81,15.0,0.0,7.97,4.71,5.24,0.27
2025-09-02,0.15,0.23,0.22,0.0,4.2,24.8,18.8,0.01,7.96,4.6,5.6,0.36
2025-09-03,0.08,0.21,0.21,0.0,4.86,13.45,6.36,0.05,9.05,5.61,5.18,0.22
2025-09-04,0.24,0.25,0.26,0.0,2.81,16.19,12.33,0.01,8.8,5.57,5.29,0.25
2025-09-05,0.18,0.25,0.26,0.0,6.05,27.95,19.19,0.03,8.02,5.03,5.76,0.44
2025-09-06,0.11,0.23,0.24,0.0,4.43,21.24,14.71,0.02,9.09,5.85,5.0,0.31
2025-09-07,0.07,0.24,0.22,0.01,1.43,10.24,8.24,0.06,12.33,6.91,5.0,0.13
2025-09-08,0.31,0.21,0.22,0.0,0.94,14.69,13.56,0.02,7.77,5.2,5.69,0.26
2025-09-09,0.21,0.23,0.22,0.0,4.0,24.05,18.43,0.03,6.58,3.94,7.05,0.4
2025-09-10,0.24,0.25,0.26,0.04,7.9,30.38,18.81,0.37,8.79,5.56,6.38,0.67
2025-09-11,0.21,0.24,0.23,0.0,6.57,25.24,15.67,0.05,10.41,6.87,5.57,0.5
2025-09-12,0.15,0.26,0.26,0.0,2.52,20.71,17.43,0.01,8.15,5.34,5.05,0.33
2025-09-13,0.16,0.25,0.25,0.0,2.86,20.43,16.43,0.01,9.07,6.35,5.62,0.27
2025-09-14,0.17,0.29,0.27,0.0,3.43,20.38,15.48,0.03,8.35,5.51,6.52,0.31
2025-09-15,0.26,0.32,0.34,0.0,4.43,20.52,14.1,0.02,6.51,3.94,5.14,0.46
2025-09-16,0.1,0.23,0.21,0.0,2.07,20.07,17.4,0.0,8.62,5.75,5.0,0.33
2025-09-17,0.53,0.3,0.29,0.04,13.65,44.25,24.1,0.2,12.0,8.27,8.45,1.39
2025-09-18,0.51,0.36,0.34,0.04,6.1,34.5,25.9,0.27,19.16,16.12,5.75,1.3
2025-09-19,0.3,0.33,0.37,0.05,8.31,39.77,27.69,0.28,21.84,18.03,5.0,1.25
2025-09-20,0.07,0.24,0.24,0.0,1.3,10.2,8.7,0.01,15.25,9.37,5.05,0.17
2025-09-21,0.07,0.17,0.17,0.0,1.0,11.59,10.18,0.0,5.87,3.64,5.5,0.06
2025-09-22,0.05,0.19,0.18,0.0,1.24,12.24,10.62,0.0,3.63,1.66,5.05,0.11
2025-09-23,0.2,0.27,0.26,0.03,7.45,34.59,23.68,0.2,5.42,3.4,5.18,1.25
2025-09-24,0.19,0.25,0.25,0.01,6.09,36.0,27.5,0.17,8.08,5.89,5.23,0.98
2025-09-25,0.28,0.27,0.26,0.13,12.38,42.29,23.86,0.84,8.28,5.29,5.76,1.04
2025-09-26,0.27,0.29,0.28,0.03,12.59,44.91,26.41,0.3,9.21,6.36,6.0,1.28
2025-09-27,0.54,0.34,0.32,0.05,9.14,48.73,35.73,0.41,10.13,6.88,10.55,1.61
2025-09-28,0.62,0.44,0.39,0.01,5.72,33.33,24.94,0.19,12.61,9.26,7.67,1.25
2025-09-29,0.77,0.53,0.56,0.01,4.91,26.23,19.23,0.09,9.46,6.61,5.23,0.64
2025-09-30,0.28,0.3,0.29,0.01,11.95,41.59,23.86,0.15,15.43,8.39,5.95,1.19
2025-10-01,0.36,0.29,0.29,0.02,11.22,42.83,26.11,0.17,16.28,9.11,5.67,1.21
2025-10-02,0.6,0.35,0.31,0.03,12.4,63.6,45.6,0.39,18.33,11.23,7.1,1.83
2025-10-03,0.69,0.41,0.4,0.06,18.0,61.05,34.37,0.41,25.27,14.65,9.16,2.02
2025-10-04,0.39,0.27,0.31,0.02,6.63,33.11,23.68,0.26,23.97,16.05,7.05,1.21
2025-10-05,0.22,0.2,0.19,0.0,2.23,18.91,15.95,0.01,12.75,6.91,5.32,0.3
2025-10-06,0.28,0.28,0.25,0.0,8.5,37.94,25.62,0.07,13.99,7.66,5.62,0.88
2025-10-07,0.63,0.45,0.41,0.27,13.6,60.1,40.05,1.42,18.4,8.72,6.4,6.61
2025-10-08,0.41,0.35,0.41,0.05,9.76,36.06,21.88,0.38,22.78,10.72,5.71,1.67
2025-10-09,0.34,0.3,0.27,0.01,2.22,19.33,16.33,0.11,15.28,7.98,5.56,0.8
2025-10-10,0.42,0.3,0.32,0.01,8.05,34.4,22.85,0.18,16.14,9.31,5.35,0.99
2025-10-11,0.41,0.35,0.31,0.0,6.12,44.88,36.38,0.14,17.94,11.5,5.5,1.15
2025-10-12,0.31,0.29,0.3,0.0,7.7,38.35,27.25,0.09,18.79,11.95,7.25,0.99
2025-10-13,0.57,0.42,0.36,0.04,4.0,41.0,36.0,0.39,19.54,11.0,6.0,1.92
2025-10-14,0.71,0.51,0.45,0.12,15.44,47.67,24.33,0.64,22.98,14.13,7.11,2.54
2025-10-15,0.3,0.26,0.27,0.04,6.13,29.07,20.27,0.32,23.24,16.66,5.47,1.28
2025-10-16,0.54,0.32,0.32,0.04,9.14,37.45,24.27,0.45,23.27,16.58,6.68,1.94
2025-10-17,0.39,0.32,0.34,0.04,7.38,38.33,27.67,0.43,27.12,19.28,8.1,1.95
2025-10-18,0.43,0.23,0.24,0.1,9.95,49.19,34.86,0.8,26.64,18.5,7.81,2.52
2025-10-19,0.03,0.15,0.17,0.0,1.5,11.6,9.45,0.01,23.28,12.5,5.8,0.29
2025-10-20,0.2,0.22,0.21,0.0,5.59,30.14,22.14,0.11,13.1,5.87,5.68,0.97
2025-10-21,0.11,0.24,0.23,0.01,2.36,17.59,14.36,0.14,9.56,4.28,5.09,0.88
2025-10-22,0.11,0.21,0.23,0.01,5.36,22.18,14.5,0.26,11.76,5.35,5.27,1.89
2025-10-23,0.1,0.16,0.16,0.0,1.05,11.55,10.27,0.01,13.4,5.43,6.5,0.27
2025-10-24,0.23,0.28,0.26,0.01,6.0,36.14,27.5,0.16,18.28,8.78,8.18,1.0
2025-10-25,0.21,0.23,0.25,0.0,3.86,30.23,24.82,0.16,16.13,8.35,9.36,0.9
2025-10-26,0.11,0.2,0.2,0.0,1.14,13.0,11.68,0.0,8.7,4.07,6.0,0.24
2025-10-27,0.32,0.32,0.29,0.02,8.23,41.09,29.18,0.18,12.07,5.47,10.23,1.07
2025-10-28,0.39,0.28,0.3,0.14,13.19,54.86,35.38,0.77,17.57,9.24,8.9,2.43
2025-10-29,0.08,0.19,0.2,0.0,1.82,17.32,14.95,0.08,15.75,6.86,6.0,0.7
2025-10-30,0.09,0.18,0.19,0.0,4.0,20.82,15.05,0.08,10.78,4.58,5.55,0.84
2025-10-31,0.03,0.18,0.18,0.01,1.18,11.64,10.14,0.08,7.87,2.87,5.0,0.49
2025-11-01,0.18,0.28,0.28,0.0,1.09,15.14,13.95,0.0,5.9,2.15,6.27,0.36
2025-11-02,0.13,0.2,0.2,0.0,2.82,21.5,17.45,0.02,8.35,4.28,6.36,0.38
2025-11-03,0.33,0.27,0.26,0.03,11.18,47.64,31.41,0.36,12.97,5.99,9.27,1.68
2025-11-04,0.02,0.15,0.19,0.0,0.6,7.8,7.4,0.0,13.24,5.35,5.6,0.22
