Date,CO (mg/m3),CO 8h (mg/m3),NO (µg/m3),NOX (µg/m3),NO2,PM10,"PM2,5"
2024-01-01,0.32,0.43,3.0,20.0,15.5,28.86,9.5
2024-01-02,0.27,0.25,5.79,24.96,16.17,13.57,4.06
2024-01-03,0.51,0.51,28.12,78.17,35.12,26.6,5.36
2024-01-04,0.37,0.38,18.47,57.32,29.21,32.89,7.06
2024-01-05,0.31,0.3,7.81,31.0,19.1,18.39,3.45
2024-01-06,0.28,0.29,5.17,21.21,13.21,14.7,2.79
2024-01-07,0.35,0.32,6.71,31.75,21.71,13.45,3.03
2024-01-08,0.42,0.4,17.17,58.25,32.0,14.87,5.02
2024-01-09,0.45,0.44,20.33,58.67,27.62,19.12,7.68
2024-01-10,0.31,0.38,18.0,53.36,26.21,25.16,11.0
2024-01-11,0.33,0.29,20.55,61.65,30.4,14.72,7.84
2024-01-12,0.37,0.36,27.9,69.81,27.14,25.62,12.15
2024-01-13,0.77,0.72,80.86,168.57,45.14,26.43,10.87
2024-01-14,0.4,0.46,19.88,60.21,29.88,27.31,8.64
2024-01-15,0.45,0.45,23.67,69.57,33.38,20.12,7.15
2024-01-16,0.39,0.42,34.0,79.25,27.5,19.3,7.76
2024-01-17,0.17,0.18,5.43,23.7,15.26,16.62,6.06
2024-01-18,0.13,0.12,4.08,16.58,10.17,9.87,2.88
2024-01-19,0.25,0.23,11.92,40.62,22.38,15.59,3.82
2024-01-20,0.23,0.24,14.29,51.12,29.42,17.37,7.14
2024-01-21,0.27,0.26,16.71,51.21,25.71,9.71,3.95
2024-01-22,0.21,0.23,6.12,26.67,17.33,12.94,5.1
2024-01-23,0.44,0.37,30.4,71.2,24.73,18.4,5.04
2024-01-24,0.51,0.53,51.47,106.63,27.68,27.06,8.46
2024-01-25,0.53,0.55,49.14,105.82,30.73,43.92,11.95
2024-01-26,0.33,0.6,14.2,46.0,24.2,41.94,12.15
2024-01-27,0.58,0.51,50.05,106.41,29.77,42.03,15.25
2024-01-28,0.24,0.35,10.35,34.15,18.7,35.83,13.08
2024-01-29,0.22,0.23,12.05,42.05,23.64,17.81,6.01
2024-01-30,0.31,0.26,15.41,51.27,27.86,27.6,8.17
2024-01-31,0.38,0.33,35.0,90.17,36.83,34.44,10.78
2024-02-01,0.36,0.36,27.09,74.91,33.65,43.94,14.63
2024-02-02,0.36,0.38,19.26,55.7,26.35,37.73,11.42
2024-02-03,0.33,0.33,14.0,37.56,16.19,18.54,4.9
2024-02-04,0.33,0.36,10.27,35.09,19.45,23.33,9.44
2024-02-05,0.36,0.36,15.35,40.55,17.25,30.08,12.93
2024-02-06,0.4,0.37,13.71,48.53,27.53,33.59,14.49
2024-02-07,0.36,0.37,12.7,46.0,26.78,33.36,13.13
2024-02-08,0.2,0.23,5.96,25.57,16.48,42.08,12.55
2024-02-09,0.24,0.21,8.0,30.48,18.35,18.9,5.47
2024-02-10,0.2,0.22,3.2,14.6,9.55,19.53,3.49
2024-02-11,0.32,0.27,9.5,33.92,19.54,26.55,4.29
2024-02-12,0.39,0.39,6.27,26.27,16.73,20.84,3.48
2024-02-13,0.53,0.5,27.55,75.15,33.05,18.91,3.28
2024-02-14,0.41,0.45,31.0,74.89,27.56,21.54,5.06
2024-02-15,0.27,0.27,5.38,23.92,15.79,14.13,4.12
2024-02-16,0.4,0.37,11.14,37.41,20.27,19.31,4.22
2024-02-17,0.46,0.47,10.71,38.79,22.42,25.83,4.92
2024-02-18,0.38,0.4,6.67,29.28,19.28,21.84,4.94
2024-02-19,0.39,0.4,9.83,33.06,18.33,19.64,3.98
2024-02-20,0.37,0.36,8.68,35.64,22.45,23.66,3.52
2024-02-21,0.48,0.47,20.08,65.79,35.08,24.98,5.51
2024-02-22,0.33,0.37,5.36,22.21,13.93,22.94,7.41
2024-03-02,0.44,0.47,1.6,11.6,9.0,19.89,3.16
2024-03-05,0.32,0.3,11.72,46.33,28.5,24.26,3.99
2024-03-06,0.26,0.26,10.5,41.96,25.96,29.48,6.73
2024-03-07,0.2,0.24,7.21,31.95,20.95,20.1,8.19
2024-03-08,0.22,0.22,9.83,37.0,22.0,11.89,5.36
2024-03-09,0.15,0.15,4.33,20.29,13.58,7.55,5.29
2024-03-10,0.17,0.16,3.54,17.42,12.0,6.42,5.56
2024-03-11,0.27,0.24,7.87,33.87,21.83,14.67,5.26
2024-03-12,0.3,0.3,9.33,38.33,24.08,28.94,5.8
2024-03-13,0.27,0.27,19.17,55.83,26.62,14.43,6.13
2024-03-14,0.24,0.23,13.62,50.12,29.54,16.13,6.54
2024-03-15,0.22,0.26,23.47,65.37,29.37,25.23,11.29
2024-03-16,0.19,0.17,13.47,43.29,22.94,20.97,7.93
2024-03-17,0.17,0.19,8.45,32.0,19.2,21.36,8.74
2024-03-18,0.12,0.13,4.69,18.06,10.88,18.81,5.16
2024-03-19,0.16,0.17,8.0,26.43,14.33,22.29,5.69
2024-03-20,0.21,0.19,8.53,25.93,13.0,22.98,8.68
2024-03-21,0.25,0.23,10.76,33.81,17.57,17.36,6.19
2024-03-22,0.24,0.25,11.12,34.06,16.94,25.18,9.73
2024-03-23,0.2,0.2,6.26,21.04,11.48,23.73,6.43
2024-03-24,0.18,0.18,5.48,18.81,10.57,24.93,4.76
2024-03-25,0.2,0.21,13.78,43.78,22.61,22.11,6.37
2024-03-26,0.11,0.11,6.74,29.35,19.13,16.84,4.66
2024-03-27,0.08,0.1,5.83,26.83,18.12,10.13,4.89
2024-03-28,0.01,0.01,2.96,15.71,11.33,13.33,3.52
2024-03-29,0.02,0.01,3.46,23.17,18.0,7.18,3.1
2024-03-30,0.02,0.02,3.54,19.29,13.92,6.37,3.11
2024-03-31,0.09,0.06,5.46,25.17,16.75,5.03,2.91
2024-04-01,0.09,0.1,3.33,19.21,14.21,8.04,3.43
2024-04-02,0.1,0.1,4.08,23.79,17.88,10.69,3.46
2024-04-03,0.17,0.16,15.71,48.17,24.46,12.03,3.27
2024-04-04,0.15,0.13,4.08,24.71,18.42,13.11,4.09
2024-04-05,0.27,0.24,3.09,20.64,15.68,13.37,5.06
2024-04-06,0.4,0.39,2.52,15.71,11.67,19.06,6.11
2024-04-07,0.54,0.52,4.05,23.15,16.95,52.33,12.88
2024-04-08,0.51,0.51,6.38,26.14,16.19,33.97,9.28
2024-04-09,0.34,0.37,7.17,27.54,16.62,20.35,4.68
2024-04-10,0.34,0.33,8.71,30.62,17.54,29.1,5.61
2024-04-11,0.37,0.37,8.65,29.35,16.35,21.85,4.76
2024-04-12,0.43,0.41,11.54,45.83,28.33,24.49,6.99
2024-04-13,0.42,0.44,8.0,36.84,24.79,34.18,10.77
2024-04-14,0.36,0.37,4.26,20.91,14.35,37.89,15.08
2024-04-15,0.29,0.29,5.27,21.73,13.41,20.39,7.65
2024-04-16,0.29,0.3,4.84,20.05,12.42,20.98,3.79
2024-04-17,0.26,0.27,4.06,17.11,10.89,26.72,5.46
2024-04-18,0.29,0.28,5.67,22.46,13.62,17.99,4.09
2024-04-19,0.26,0.26,8.0,31.21,19.08,15.16,5.17
2024-04-20,0.27,0.26,3.77,21.5,15.5,18.96,7.61
2024-04-21,0.27,0.28,3.5,15.75,10.42,16.85,5.59
2024-04-22,0.17,0.19,5.33,22.46,14.33,15.21,4.94
2024-04-23,0.16,0.15,4.42,20.92,14.25,12.03,4.36
2024-04-24,0.16,0.15,5.29,28.38,20.17,14.5,4.52
2024-04-25,0.2,0.19,8.46,38.92,26.04,16.64,5.18
2024-04-26,0.14,0.14,9.0,33.46,19.83,14.83,5.02
2024-04-27,0.11,0.17,3.0,19.14,14.43,13.15,4.56
2024-04-30,0.08,0.09,11.72,38.33,20.44,17.63,4.54
2024-05-01,0.02,0.03,1.69,12.56,9.81,19.3,3.0
2024-05-02,0.06,0.05,8.38,34.38,21.67,14.32,2.66
2024-05-03,0.08,0.07,8.38,36.42,23.62,16.06,3.8
2024-05-04,0.05,0.05,3.33,21.17,16.04,9.98,2.98
2024-05-05,0.02,0.03,3.79,19.88,14.04,10.33,3.16
2024-05-06,0.09,0.08,5.04,25.83,18.29,12.66,2.4
2024-05-07,0.13,0.12,4.43,21.48,14.65,24.75,3.53
2024-05-08,0.12,0.12,6.09,25.22,16.09,20.44,5.33
2024-05-09,0.14,0.14,9.76,35.48,20.62,20.34,8.45
2024-05-10,0.2,0.19,21.74,62.65,29.57,24.17,9.57
2024-05-13,0.2,0.27,1.86,18.0,15.14,27.94,8.38
2024-05-14,0.21,0.21,7.35,31.09,19.78,20.8,5.26
2024-05-15,0.18,0.18,8.96,36.71,22.88,15.62,4.27
2024-05-16,0.23,0.22,6.71,29.67,19.5,14.16,4.19
2024-05-17,0.3,0.29,9.04,35.5,21.83,17.75,4.09
2024-05-18,0.25,0.25,3.83,20.62,14.62,14.55,4.97
2024-05-19,0.24,0.25,3.67,17.08,11.46,14.57,4.62
2024-05-20,0.26,0.26,5.92,28.92,19.96,10.97,3.19
2024-05-21,0.3,0.28,6.96,30.43,20.09,19.49,5.51
2024-05-22,0.36,0.35,7.35,34.3,23.0,18.35,5.74
2024-05-23,0.41,0.4,6.54,25.75,15.75,14.42,4.09
2024-05-24,0.25,0.26,4.63,20.95,14.05,18.43,4.3
2024-05-25,0.21,0.2,4.21,21.83,15.42,17.05,5.78
2024-05-26,0.23,0.24,3.41,17.0,11.55,21.13,7.37
2024-05-27,0.08,0.1,5.04,20.33,12.71,16.27,3.66
2024-05-28,0.1,0.07,6.04,23.88,14.71,17.4,4.3
2024-05-29,0.34,0.32,8.3,28.0,15.5,17.83,5.38
2024-05-30,0.27,0.28,4.35,17.52,10.74,20.75,6.09
2024-05-31,0.27,0.25,2.95,12.0,7.42,17.97,4.21
2024-06-01,0.31,0.3,4.5,17.71,11.0,16.59,4.68
2024-06-02,0.33,0.32,3.62,15.25,9.62,14.26,5.38
2024-06-03,0.36,0.35,8.39,26.61,13.94,18.45,9.32
2024-06-04,0.36,0.35,5.04,21.17,13.46,17.56,7.97
2024-06-05,0.32,0.33,2.58,16.5,12.67,23.58,10.96
2024-06-06,0.4,0.39,6.26,24.79,15.11,22.35,8.38
2024-06-07,0.42,0.44,3.92,16.54,10.38,26.23,10.19
2024-06-08,0.4,0.41,2.33,13.48,10.05,35.28,14.37
2024-06-09,0.35,0.36,1.33,7.57,5.38,24.57,9.86
2024-06-10,0.35,0.34,3.24,12.82,7.76,17.13,4.35
2024-06-11,0.37,0.37,4.76,18.19,11.19,18.55,4.81
2024-06-12,0.32,0.33,7.08,29.33,18.62,15.57,4.79
2024-06-13,0.2,0.22,4.61,21.65,14.57,16.51,6.03
2024-06-14,0.15,0.13,5.08,22.17,14.17,18.26,6.68
2024-06-15,0.15,0.16,2.83,15.22,10.83,17.11,4.36
2024-06-16,0.11,0.11,1.91,12.13,9.09,23.05,5.4
2024-06-17,0.08,0.08,3.6,16.53,10.8,16.66,4.89
2024-06-18,0.06,0.05,5.54,19.79,11.42,23.77,6.67
2024-06-19,0.07,0.06,6.95,22.77,12.23,14.24,5.41
2024-06-20,0.08,0.08,9.38,32.92,18.83,12.22,4.09
2024-06-21,0.05,0.05,5.17,21.92,14.08,14.58,4.5
2024-06-22,0.06,0.05,5.82,25.41,16.5,18.64,5.39
2024-06-23,0.05,0.05,3.0,14.09,9.65,22.82,4.87
2024-06-24,0.11,0.11,9.17,25.88,11.79,16.95,7.34
2024-06-25,0.07,0.08,5.35,22.61,14.3,21.31,8.5
2024-06-26,0.03,0.04,1.46,10.54,8.15,24.57,10.69
2024-06-27,0.18,0.14,3.3,17.3,12.15,23.94,11.86
2024-06-28,0.22,0.21,7.43,24.93,13.5,24.51,7.99
2024-06-29,0.11,0.13,1.89,17.33,14.78,25.05,6.89
2024-06-30,0.09,0.07,1.14,9.57,7.43,12.14,3.73
2024-07-01,0.16,0.16,4.42,17.25,10.58,13.42,4.44
2024-07-02,0.1,0.1,4.91,19.22,11.74,12.82,3.75
2024-07-03,0.09,0.09,4.71,19.71,12.67,15.51,6.26
2024-07-04,0.16,0.15,6.38,23.04,13.38,16.02,5.89
2024-07-05,0.18,0.18,5.46,18.92,10.54,13.96,4.76
2024-07-06,0.12,0.12,5.53,21.76,13.24,19.38,6.55
2024-07-07,0.07,0.07,3.46,13.96,8.79,17.41,3.84
2024-07-08,0.17,0.13,6.85,26.15,15.38,18.66,6.73
2024-07-09,0.22,0.21,8.33,24.81,12.19,25.68,9.2
2024-07-10,0.23,0.23,7.22,22.13,11.09,18.89,7.19
2024-07-11,0.21,0.22,3.53,15.05,9.68,17.98,9.29
2024-07-12,0.12,0.14,2.5,11.33,7.62,14.17,5.48
2024-07-13,0.16,0.14,4.12,18.5,12.25,14.01,4.51
2024-07-14,0.18,0.18,2.36,13.36,9.73,19.97,6.99
2024-07-15,0.2,0.21,6.13,24.53,15.0,25.37,9.83
2024-07-16,0.18,0.18,6.58,22.58,12.58,21.35,5.5
2024-07-17,0.29,0.24,3.04,15.12,10.54,17.58,4.98
2024-07-18,0.47,0.46,4.9,19.4,12.05,24.07,10.17
2024-07-19,0.33,0.37,2.0,8.85,5.85,23.09,9.69
2024-07-20,0.28,0.28,3.38,14.04,8.83,16.37,7.77
2024-07-21,0.16,0.17,1.3,6.7,4.78,23.05,5.01
2024-07-22,0.21,0.2,4.57,19.78,12.87,25.53,4.65
2024-07-23,0.23,0.23,4.29,19.12,12.42,17.58,6.37
2024-07-24,0.25,0.24,6.26,22.96,13.48,16.77,6.79
2024-07-25,0.24,0.24,3.12,10.38,5.33,10.94,4.17
2024-07-26,0.27,0.26,4.38,18.42,11.71,13.06,5.51
2024-07-27,0.26,0.26,4.27,19.73,13.09,15.44,7.15
2024-07-29,0.27,0.32,1.29,9.71,7.57,32.54,13.22
2024-07-30,0.4,0.39,7.06,30.59,19.82,32.08,15.29
2024-08-02,0.21,0.22,5.06,18.19,10.56,16.63,4.52
2024-08-03,0.19,0.19,4.54,20.04,12.92,13.91,5.51
2024-08-04,0.12,0.12,3.62,16.12,10.46,14.13,4.96
2024-08-05,0.15,0.15,6.14,22.55,13.05,20.4,7.63
2024-08-06,0.14,0.14,3.15,15.46,10.31,21.72,9.46
2024-08-07,0.16,0.16,10.08,31.46,16.21,16.48,6.92
2024-08-08,0.12,0.12,5.68,22.26,13.37,18.68,5.46
2024-08-09,0.15,0.15,6.7,21.91,11.57,22.75,6.51
2024-08-10,0.18,0.17,3.82,16.32,10.41,17.01,6.69
2024-08-11,0.23,0.23,5.7,24.45,15.55,26.37,12.37
2024-08-12,0.22,0.24,3.18,14.24,9.35,35.1,14.65
2024-08-13,0.23,0.23,8.23,25.36,12.68,19.79,6.51
2024-08-14,0.2,0.2,6.67,22.96,12.79,15.83,4.18
2024-08-15,0.19,0.19,3.9,15.81,10.1,23.54,4.48
2024-08-16,0.23,0.24,6.33,20.89,11.33,20.31,5.99
2024-08-17,0.25,0.24,5.71,20.67,12.12,19.17,6.96
2024-08-18,0.2,0.22,3.38,15.12,9.75,15.46,4.51
2024-08-19,0.21,0.2,4.12,18.42,11.96,17.43,4.49
2024-08-20,0.26,0.25,5.28,22.83,14.72,19.22,8.16
2024-08-21,0.23,0.23,3.53,15.58,10.0,22.84,7.55
2024-08-22,0.27,0.26,6.44,22.67,12.83,18.65,5.23
2024-08-23,0.31,0.3,3.27,18.33,13.2,18.84,7.42
2024-08-24,0.31,0.32,3.64,19.23,13.5,21.79,8.53
2024-08-25,0.26,0.27,3.43,15.83,10.61,15.86,3.86
2024-08-26,0.26,0.26,4.62,21.48,14.33,18.45,4.41
2024-08-27,0.32,0.3,11.24,36.76,19.53,26.79,8.8
2024-08-28,0.32,0.32,6.64,27.68,17.45,35.16,10.97
2024-08-29,0.38,0.37,7.86,29.19,16.95,23.18,7.0
2024-08-30,0.41,0.41,5.9,21.1,12.05,23.91,9.24
2024-08-31,0.37,0.38,4.82,23.36,16.18,21.44,12.04
2024-09-01,0.32,0.33,4.0,16.23,10.15,19.67,8.65
2024-09-02,0.37,0.36,6.1,23.4,14.2,21.9,9.46
2024-09-03,0.4,0.39,5.71,26.92,18.12,15.03,4.69
2024-09-04,0.39,0.39,6.17,26.71,17.25,11.64,3.35
2024-09-05,0.38,0.38,5.42,23.83,15.58,14.84,3.62
2024-09-06,0.38,0.38,6.79,31.67,21.46,11.18,3.06
2024-09-07,0.38,0.38,4.17,19.29,12.88,11.13,3.99
2024-09-08,0.33,0.34,2.79,20.21,15.83,12.78,4.34
2024-09-09,0.38,0.37,5.58,29.92,21.42,15.1,5.14
2024-09-10,0.28,0.32,2.82,11.0,6.76,18.46,3.99
2024-09-11,0.29,0.29,5.83,24.43,15.57,19.81,4.69
2024-09-12,0.3,0.3,9.0,38.0,24.14,16.06,3.88
2024-09-13,0.26,0.26,7.17,31.71,20.92,13.02,4.26
2024-09-14,0.25,0.25,5.88,26.21,17.17,12.63,4.31
2024-09-15,0.2,0.21,3.29,19.33,13.83,10.97,4.67
2024-09-16,0.23,0.22,6.54,29.5,19.29,12.95,5.64
2024-09-17,0.26,0.23,14.81,44.56,21.94,19.53,7.68
2024-09-18,0.21,0.2,7.18,29.0,17.76,20.87,9.36
2024-09-19,0.38,0.34,32.62,85.25,35.25,25.72,11.22
2024-09-20,0.26,0.3,14.93,52.29,29.36,22.22,9.37
2024-09-21,0.22,0.21,5.12,19.88,12.21,15.05,6.5
2024-09-22,0.21,0.21,3.17,20.12,15.42,14.42,5.8
2024-09-23,0.21,0.24,5.14,27.21,19.29,23.89,10.75
2024-09-24,0.19,0.19,2.22,25.44,21.89,24.67,9.97
2024-09-25,0.22,0.21,11.5,37.18,19.59,18.99,6.8
2024-09-26,0.31,0.29,6.91,32.74,22.04,14.25,4.45
2024-09-27,0.27,0.27,5.43,24.09,15.96,17.24,3.61
2024-09-28,0.27,0.27,4.09,21.74,15.48,18.52,3.64
2024-09-29,0.27,0.27,4.04,24.46,18.17,14.46,3.69
2024-09-30,0.32,0.32,7.77,32.73,20.73,16.29,4.79
2024-10-01,0.41,0.42,23.96,55.5,18.75,25.68,6.68
2024-10-02,0.28,0.28,4.41,25.82,19.0,13.4,3.56
2024-10-03,0.29,0.28,6.04,28.67,19.42,9.7,3.54
2024-10-04,0.28,0.28,7.04,29.12,18.29,14.06,6.07
2024-10-05,0.27,0.27,3.58,23.29,17.79,15.2,6.96
2024-10-06,0.24,0.25,2.61,13.56,9.44,25.32,6.59
2024-10-07,0.3,0.31,8.57,32.52,19.39,33.12,7.99
2024-10-08,0.26,0.27,4.09,21.04,14.57,16.61,4.62
2024-10-09,0.23,0.22,3.25,14.71,9.79,11.33,3.12
2024-10-10,0.34,0.32,9.25,37.0,23.12,15.88,3.37
2024-10-11,0.3,0.32,7.33,31.92,20.67,17.51,5.01
2024-10-12,0.27,0.26,2.33,15.75,12.12,9.88,4.11
2024-10-13,0.36,0.35,5.12,27.75,19.88,9.57,4.45
2024-10-14,0.42,0.41,15.0,51.38,28.33,15.22,6.76
2024-10-15,0.31,0.35,6.23,27.08,17.54,29.79,8.27
2024-10-16,0.29,0.28,4.5,20.65,13.75,24.65,6.96
2024-10-17,0.32,0.32,5.88,23.17,14.29,14.98,3.0
2024-10-18,0.32,0.32,7.18,27.35,16.53,18.79,3.72
2024-10-19,0.45,0.41,9.12,34.18,20.06,17.73,6.19
2024-10-20,0.46,0.47,9.59,36.05,21.64,17.78,6.08
2024-10-21,0.49,0.5,19.12,46.08,16.88,25.53,6.67
2024-10-22,0.44,0.44,8.35,30.35,17.61,24.76,5.41
2024-10-23,0.58,0.59,19.5,56.88,26.94,22.45,5.4
2024-10-24,0.28,0.33,3.14,19.14,14.52,16.88,5.91
2024-10-25,0.27,0.25,9.36,47.86,33.64,14.49,5.25
2024-10-26,0.25,0.25,7.88,34.54,22.62,14.38,4.41
2024-10-27,0.28,0.27,5.42,26.5,18.25,9.6,3.05
2024-10-28,0.32,0.32,13.05,39.52,19.71,15.36,6.09
2024-10-29,0.44,0.37,22.92,61.46,26.23,21.46,7.28
2024-10-30,0.42,0.45,26.86,65.43,24.43,24.39,10.02
2024-10-31,0.4,0.42,24.18,65.09,28.41,41.11,13.43
2024-11-01,0.36,0.39,10.27,41.91,26.32,32.91,9.15
2024-11-02,0.34,0.33,6.73,30.91,20.45,26.57,9.37
2024-11-03,0.37,0.35,7.94,37.12,25.06,24.1,8.92
2024-11-04,0.63,0.57,64.75,136.17,36.92,25.62,9.3
2024-11-05,0.41,0.4,11.47,51.24,33.65,27.32,8.53
2024-11-06,0.44,0.41,24.72,68.0,30.17,29.96,11.24
2024-11-07,0.55,0.52,60.7,130.05,37.05,34.3,13.54
2024-11-08,0.31,0.35,6.19,34.62,25.19,27.82,9.57
2024-11-09,0.35,0.35,7.05,31.9,21.3,19.85,7.19
2024-11-10,0.37,0.36,2.53,21.47,17.26,18.47,7.5
2024-11-11,0.46,0.46,12.5,40.71,21.79,14.43,4.97
2024-11-12,0.38,0.39,7.88,31.96,19.96,15.15,6.39
2024-11-13,0.3,0.3,15.86,46.5,22.32,14.25,5.57
2024-11-14,0.23,0.23,21.6,53.6,20.73,18.62,9.09
2024-11-15,0.56,0.45,73.53,143.93,31.33,25.76,11.94
2024-11-16,0.36,0.4,24.07,68.0,31.27,38.28,11.77
2024-11-17,0.25,0.26,10.71,39.88,23.71,46.8,12.76
2024-11-18,0.29,0.27,22.15,67.95,33.85,25.83,8.7
2024-11-19,0.21,0.27,10.24,37.19,21.76,27.98,12.63
2024-11-20,0.14,0.14,5.29,22.43,14.48,29.0,9.45
2024-11-21,0.13,0.14,3.88,21.29,15.58,12.83,3.38
2024-11-22,0.13,0.11,6.65,32.22,22.04,23.07,4.43
2024-11-23,0.07,0.08,2.91,17.3,12.83,14.3,4.42
2024-11-24,0.04,0.05,0.62,6.04,4.92,9.58,4.98
2024-11-25,0.02,0.03,0.67,6.17,5.17,12.26,6.76
2024-11-26,0.29,0.26,26.94,80.94,39.76,9.92,8.05
2024-11-27,0.32,0.26,36.0,98.5,43.17,17.54,11.15
2024-11-28,0.42,0.37,51.53,131.6,52.47,23.9,14.0
2024-11-29,0.53,0.5,69.37,155.63,49.42,36.48,16.89
2024-11-30,0.39,0.38,36.12,93.65,38.24,61.6,22.84
2024-12-01,0.33,0.33,23.3,66.17,30.83,45.8,17.63
2024-12-02,0.36,0.39,39.25,96.15,35.95,46.86,15.64
2024-12-03,0.19,0.22,1.2,16.4,14.6,29.52,9.35
2024-12-04,0.31,0.29,14.05,49.32,28.05,14.95,6.44
2024-12-05,0.32,0.29,15.38,59.0,35.19,17.04,7.17
2024-12-06,0.31,0.32,4.76,23.19,16.0,18.23,6.57
2024-12-07,0.19,0.22,1.87,10.96,8.26,17.14,5.08
2024-12-08,0.17,0.17,0.88,4.12,2.76,36.56,8.96
2024-12-09,0.31,0.29,13.61,45.61,24.96,23.56,5.25
2024-12-10,0.4,0.38,15.12,55.5,32.25,15.11,6.9
2024-12-11,0.44,0.47,10.53,45.27,29.07,19.44,9.98
2024-12-12,0.59,0.53,45.36,108.57,39.0,20.88,9.32
2024-12-13,0.67,0.59,56.53,128.6,42.33,24.16,11.12
2024-12-14,0.73,0.74,13.25,45.95,25.85,17.32,7.84
2024-12-15,0.81,0.76,5.25,25.5,17.62,13.4,4.17
2024-12-16,0.71,0.69,41.33,100.07,36.53,18.68,7.2
2024-12-17,0.15,0.16,8.0,40.77,28.59,16.61,6.49
2024-12-18,0.24,0.23,12.22,41.87,23.39,24.83,6.89
2024-12-19,0.25,0.24,7.0,22.0,11.33,92.76,20.2
2024-12-20,0.33,0.29,13.56,54.06,33.5,26.3,5.05
2024-12-21,0.43,0.41,9.38,44.0,29.92,14.78,4.31
2024-12-22,0.35,0.38,2.04,12.0,8.71,15.43,3.75
2024-12-23,0.35,0.34,5.71,20.12,11.46,31.38,5.89
2024-12-24,0.43,0.4,3.74,22.13,16.61,24.37,4.42
2024-12-25,0.46,0.47,5.67,24.0,15.54,11.55,4.54
2024-12-26,0.43,0.43,10.91,38.41,21.73,11.04,5.12
2024-12-27,0.48,0.41,45.0,97.41,28.5,15.97,7.05
2024-12-28,0.47,0.5,38.71,94.25,35.04,27.11,11.71
2024-12-29,0.42,0.4,27.68,72.05,29.95,26.14,11.28
2024-12-30,0.31,0.38,14.2,46.9,25.3,23.89,10.54
2024-12-31,0.41,0.41,20.88,60.29,28.38,24.2,11.93
2025-01-01,0.33,0.35,21.95,62.18,28.73,19.89,12.29
2025-01-02,0.24,0.23,3.21,25.42,20.5,9.3,5.78
2025-01-03,0.34,0.33,5.38,36.29,28.25,12.05,6.27
2025-01-04,0.3,0.32,3.42,22.92,17.79,10.18,5.59
2025-01-05,0.21,0.21,1.33,13.04,10.92,9.97,5.32
2025-01-06,0.28,0.25,6.25,29.58,20.04,12.37,4.46
2025-01-07,0.21,0.24,4.38,25.04,18.33,13.51,4.58
2025-01-08,0.18,0.18,4.5,21.08,14.25,5.73,2.39
2025-01-09,0.26,0.22,7.08,34.83,24.12,10.74,3.1
2025-01-10,0.36,0.35,13.54,51.58,30.96,16.01,4.87
2025-01-11,0.14,0.18,3.78,17.74,11.91,22.4,5.92
2025-01-12,0.12,0.09,4.09,21.87,15.65,20.81,5.14
2025-01-13,0.32,0.31,13.38,51.25,30.71,13.72,6.36
2025-01-14,0.31,0.32,9.13,47.87,33.8,17.29,9.31
2025-01-15,0.37,0.35,12.75,58.21,38.58,26.0,12.91
2025-01-16,0.39,0.38,12.17,51.67,33.12,26.55,13.98
2025-01-17,0.68,0.56,42.2,106.6,42.27,21.63,11.66
2025-01-18,0.65,0.66,19.74,67.0,36.91,26.66,12.29
2025-01-19,0.43,0.49,9.57,43.7,29.13,22.8,12.17
2025-01-20,0.34,0.33,7.33,36.25,25.0,12.14,7.2
2025-01-21,0.38,0.41,12.96,44.38,24.58,13.45,6.43
2025-01-22,0.4,0.37,6.18,32.5,23.18,9.39,4.75
2025-01-23,0.52,0.51,9.38,36.96,22.46,13.09,4.75
2025-01-24,0.42,0.45,4.0,23.04,16.67,13.52,4.51
2025-01-25,0.43,0.42,3.88,24.33,18.33,7.73,3.67
2025-01-26,0.37,0.38,2.32,16.05,12.5,8.93,3.93
2025-01-28,0.08,0.07,5.56,25.33,17.11,15.14,5.03
2025-01-29,0.18,0.15,8.11,32.72,21.0,13.09,4.66
2025-01-30,0.15,0.15,2.22,9.87,6.17,15.51,4.38
2025-01-31,0.29,0.26,14.55,53.95,31.9,18.55,4.91
2025-02-01,0.23,0.21,4.95,23.77,16.18,18.54,6.88
2025-02-02,0.2,0.22,4.88,26.79,19.29,15.68,6.58
2025-02-03,0.27,0.25,10.25,45.54,29.71,13.91,5.32
2025-02-04,0.3,0.3,17.3,58.8,32.2,21.9,8.63
2025-02-05,0.32,0.34,15.31,51.23,27.69,29.34,10.99
2025-02-06,0.3,0.34,17.75,52.38,25.5,28.84,13.56
2025-02-07,0.26,0.27,16.67,55.05,29.38,27.44,12.86
2025-02-08,0.3,0.26,7.38,36.92,25.62,12.02,5.2
2025-02-09,0.25,0.28,5.29,32.54,24.67,14.58,6.68
2025-02-10,0.43,0.4,25.95,69.68,30.05,13.96,7.41
2025-02-11,0.36,0.37,3.29,20.12,14.96,14.14,6.99
2025-02-12,0.43,0.4,7.75,33.58,21.67,15.62,6.91
2025-02-13,0.46,0.46,8.83,42.38,29.12,18.49,5.97
2025-02-14,0.48,0.46,13.7,48.87,28.0,18.3,8.26
2025-02-15,0.47,0.46,14.42,51.33,29.54,16.69,7.97
2025-02-16,0.44,0.45,9.65,37.39,22.7,18.33,8.64
2025-02-17,0.48,0.48,20.96,57.65,25.57,26.23,8.69
2025-02-18,0.45,0.47,12.15,46.69,28.38,25.87,10.91
2025-02-19,0.46,0.41,14.29,74.86,52.71,23.54,10.06
2025-02-21,0.42,0.42,3.64,21.14,15.5,19.95,9.58
2025-02-22,0.43,0.4,7.14,34.68,23.64,16.59,6.53
2025-02-23,0.49,0.47,6.54,32.33,22.29,17.93,6.13
2025-02-24,0.47,0.49,5.83,27.46,18.58,15.64,5.71
2025-02-25,0.34,0.37,5.2,24.7,16.9,26.22,6.0
2025-02-26,0.29,0.27,7.71,36.29,24.29,20.23,5.41
2025-02-27,0.32,0.31,10.48,41.43,25.57,21.54,8.01
2025-02-28,0.34,0.39,8.1,45.4,33.2,23.98,9.59
2025-03-01,0.28,0.3,11.04,39.35,22.39,19.31,8.78
2025-03-02,0.34,0.3,6.5,34.04,24.17,12.6,7.49
2025-03-03,0.36,0.4,9.19,42.1,27.95,23.08,11.79
2025-03-04,0.42,0.39,10.2,42.93,27.33,30.11,11.86
2025-03-05,0.34,0.3,10.77,45.77,29.31,29.15,9.83
2025-03-06,0.24,0.26,2.88,19.42,14.92,30.26,8.93
2025-03-07,0.25,0.25,2.7,14.74,10.35,20.9,6.36
2025-03-08,0.24,0.24,2.17,11.46,8.0,9.14,4.28
2025-03-09,0.22,0.22,2.79,15.71,11.21,7.55,2.87
2025-03-10,0.24,0.24,4.32,22.64,15.86,5.28,2.46
2025-03-11,0.32,0.3,8.5,34.67,21.79,8.22,3.44
2025-03-12,0.32,0.31,8.04,35.08,22.75,12.17,4.64
2025-03-13,0.3,0.3,8.0,31.83,19.46,12.79,5.09
2025-03-14,0.28,0.28,9.62,32.58,18.12,11.83,5.05
2025-03-15,0.29,0.28,6.46,31.42,21.5,12.36,4.54
2025-03-16,0.29,0.29,3.5,23.62,18.0,11.88,6.93
2025-03-17,0.28,0.3,7.58,33.92,22.33,12.31,5.5
2025-03-18,0.22,0.21,1.57,13.57,10.71,9.61,4.8
2025-03-19,0.27,0.27,3.78,17.89,12.0,5.27,2.14
2025-03-20,0.28,0.27,3.68,17.41,11.82,14.24,4.89
2025-03-21,0.27,0.27,3.68,19.0,13.5,62.82,14.58
2025-03-22,0.28,0.27,4.88,20.46,13.0,9.1,3.63
2025-03-23,0.28,0.27,3.04,16.74,12.09,16.74,3.09
2025-03-24,0.34,0.34,6.0,26.58,17.21,29.26,6.19
2025-03-25,0.36,0.37,5.56,18.94,10.22,20.94,4.75
2025-03-26,0.35,0.35,6.95,25.18,14.41,21.06,7.37
2025-03-27,0.34,0.36,5.76,21.47,12.41,25.63,9.87
2025-03-28,0.31,0.31,3.05,13.23,8.64,16.54,5.42
2025-03-29,0.31,0.3,4.58,16.12,9.21,24.32,4.26
2025-03-30,0.32,0.33,2.92,18.33,13.83,21.36,4.93
2025-03-31,0.41,0.42,13.58,44.42,23.74,21.64,6.7
2025-04-01,0.43,0.44,14.43,43.17,21.04,21.48,7.76
2025-04-02,0.42,0.41,9.41,37.29,22.82,22.87,7.52
2025-04-03,0.36,0.36,1.62,14.25,11.79,10.99,3.8
2025-04-04,0.39,0.38,4.33,22.75,16.33,12.38,4.08
2025-04-05,0.44,0.42,2.5,17.5,14.08,11.33,4.24
2025-04-06,0.46,0.48,2.87,17.17,13.17,11.62,5.14
2025-04-07,0.44,0.43,3.18,15.36,10.73,10.12,4.0
2025-04-08,0.43,0.44,2.2,27.2,24.6,13.24,5.48
2025-04-09,0.39,0.39,13.16,39.32,19.58,28.86,15.26
2025-04-10,0.37,0.36,6.17,33.62,24.92,27.53,15.01
2025-04-11,0.34,0.32,7.83,34.83,23.33,26.0,12.11
2025-04-12,0.3,0.28,3.7,21.61,16.61,18.14,8.2
2025-04-13,0.29,0.3,2.65,14.35,10.71,22.32,8.74
2025-04-14,0.32,0.36,6.43,32.86,23.86,22.17,6.63
2025-04-15,0.27,0.26,5.05,24.52,17.24,23.65,5.44
2025-04-16,0.24,0.27,0.25,6.5,5.75,22.98,4.0
2025-04-17,0.28,0.27,2.65,17.65,14.3,14.59,4.74
2025-04-18,0.28,0.28,3.42,20.92,16.29,16.99,5.43
2025-04-19,0.26,0.26,2.83,16.88,12.92,11.79,3.66
2025-04-20,0.28,0.27,2.33,16.46,13.04,7.76,2.59
2025-04-21,0.28,0.28,1.67,12.71,10.29,16.03,3.37
2025-04-22,0.29,0.28,1.0,9.0,8.2,16.2,4.19
2025-04-23,0.33,0.33,5.55,27.8,19.85,24.53,5.78
2025-04-24,0.3,0.3,6.39,22.13,12.96,21.88,4.57
2025-04-25,0.35,0.35,10.3,31.35,16.17,19.3,5.83
2025-04-26,0.3,0.31,1.92,11.33,8.88,23.14,5.66
2025-04-27,0.33,0.32,1.14,10.86,9.45,22.32,4.92
2025-04-28,0.45,0.42,8.53,42.29,29.94,21.51,8.78
2025-04-29,0.51,0.51,2.33,16.79,13.58,11.95,6.08
2025-04-30,0.5,0.5,1.42,13.71,11.75,12.57,5.4
2025-05-01,0.52,0.5,1.48,12.29,10.33,15.69,6.41
2025-05-02,0.61,0.65,11.44,44.17,27.28,39.22,11.63
2025-05-03,0.56,0.56,2.52,15.52,12.09,35.51,10.2
2025-05-04,0.53,0.54,1.96,13.46,10.71,18.77,6.98
2025-05-05,0.48,0.49,5.96,19.92,11.04,17.3,5.35
2025-05-06,0.48,0.48,5.21,25.83,18.38,17.7,5.4
2025-05-07,0.33,0.36,4.83,23.79,16.92,14.55,6.05
2025-05-08,0.25,0.24,7.44,34.78,24.0,18.16,9.07
2025-05-09,0.34,0.28,20.25,66.75,36.75,24.31,10.28
2025-05-10,0.2,0.21,2.38,17.81,14.62,16.96,7.7
2025-05-11,0.16,0.16,1.96,15.29,12.58,16.07,5.95
2025-05-12,0.18,0.17,3.83,21.71,16.17,15.98,6.77
2025-05-13,0.22,0.21,5.58,25.38,17.25,16.49,5.81
2025-05-14,0.24,0.25,6.5,23.54,13.92,18.21,6.15
2025-05-15,0.23,0.23,3.1,16.62,12.24,18.46,4.89
2025-05-16,0.28,0.26,3.27,21.68,16.91,25.37,7.46
2025-05-17,0.26,0.26,5.0,27.9,20.9,30.82,11.33
2025-05-18,0.34,0.32,3.2,25.87,21.33,25.58,11.4
2025-05-19,0.27,0.29,3.0,16.41,12.18,28.61,11.37
2025-05-20,0.27,0.26,2.46,14.04,10.58,25.07,6.72
2025-05-21,0.24,0.26,1.3,12.3,10.4,28.16,9.2
2025-05-22,0.24,0.24,2.39,12.87,9.48,27.11,5.67
2025-05-23,0.26,0.26,2.92,19.75,15.83,16.46,5.94
2025-05-24,0.26,0.25,1.88,15.71,13.12,18.38,7.9
2025-05-25,0.24,0.24,1.62,12.96,10.79,17.67,7.61
2025-05-26,0.26,0.26,4.71,20.08,13.21,17.32,5.56
2025-05-27,0.26,0.26,4.89,24.94,17.78,20.24,6.8
2025-05-28,0.3,0.29,6.04,24.92,16.25,22.61,6.77
2025-05-29,0.24,0.3,3.6,22.7,17.7,25.38,9.03
2025-05-30,0.16,0.17,2.92,21.83,17.71,29.58,12.55
2025-05-31,0.11,0.12,2.19,10.69,7.62,29.3,11.26
2025-06-01,0.08,0.08,1.32,7.95,6.23,18.78,5.88
2025-06-02,0.14,0.14,9.67,37.71,23.54,15.0,5.34
2025-06-03,0.15,0.14,7.17,31.78,21.22,23.65,8.85
2025-06-04,0.13,0.12,7.1,30.1,19.71,19.93,7.59
2025-06-05,0.1,0.1,4.83,23.29,16.25,15.2,5.42
2025-06-06,0.1,0.1,6.46,21.38,11.92,16.95,6.23
2025-06-07,0.1,0.09,2.75,15.83,12.08,15.77,4.59
2025-06-08,0.13,0.12,2.09,14.95,12.23,19.85,6.29
2025-06-09,0.21,0.2,5.18,21.64,14.0,30.85,13.71
2025-06-10,0.34,0.33,6.25,23.12,13.88,34.46,18.94
2025-06-11,0.43,0.43,9.9,41.8,27.2,43.36,18.61
2025-06-12,0.32,0.31,3.04,15.62,11.29,35.76,13.65
2025-06-13,0.34,0.33,4.0,21.17,15.48,37.61,14.46
2025-06-14,0.3,0.31,3.0,16.11,12.0,35.45,10.22
2025-06-15,0.26,0.27,2.74,12.48,8.83,19.96,5.73
2025-06-16,0.29,0.28,3.58,15.5,10.46,16.04,5.42
2025-06-17,0.3,0.3,3.15,21.08,16.62,23.27,10.08
2025-06-18,0.35,0.34,0.42,11.5,10.92,25.76,11.71
2025-06-19,0.41,0.41,3.12,27.42,23.29,33.87,14.61
2025-06-20,0.4,0.4,7.92,36.21,24.54,42.56,16.07
2025-06-21,0.32,0.33,1.83,11.91,9.52,43.28,14.29
2025-06-22,0.29,0.3,1.31,8.5,6.94,32.95,9.21
2025-06-23,0.32,0.31,4.41,17.0,10.45,30.57,8.17
2025-06-24,0.38,0.38,5.89,23.44,14.89,28.86,9.34
2025-06-25,0.32,0.32,4.75,22.05,15.2,31.66,11.88
2025-06-26,0.25,0.27,2.67,22.17,18.5,34.48,7.12
2025-06-28,0.33,0.32,4.55,17.45,10.82,19.16,5.29
2025-06-29,0.37,0.36,2.92,19.0,14.92,24.71,7.05
2025-06-30,0.39,0.4,3.95,21.0,15.38,30.64,7.58
2025-07-02,0.3,0.29,7.27,25.55,14.64,21.98,9.07
2025-07-03,0.31,0.29,5.76,23.29,14.9,22.3,5.84
2025-07-04,0.32,0.32,5.21,20.12,12.71,25.56,7.79
2025-07-05,0.32,0.32,1.83,12.08,9.5,26.19,9.27
2025-07-06,0.25,0.26,1.88,11.08,8.54,24.39,7.61
2025-07-07,0.22,0.24,1.83,6.75,4.17,18.97,4.86
2025-07-08,0.25,0.24,4.48,19.14,12.76,19.41,4.22
2025-07-09,0.29,0.27,4.33,19.25,13.0,16.47,5.8
2025-07-10,0.27,0.27,3.57,24.29,19.36,19.66,8.31
2025-07-11,0.23,0.23,3.56,18.56,13.78,26.11,11.47
2025-07-12,0.22,0.22,3.5,18.64,14.0,26.41,10.71
2025-07-13,0.17,0.18,1.79,9.83,7.33,27.4,9.14
2025-07-14,0.19,0.19,5.04,20.75,13.54,24.25,8.36
2025-07-15,0.24,0.23,6.23,24.09,15.05,15.74,5.22
2025-07-16,0.22,0.22,5.43,18.76,10.76,23.65,7.62
2025-07-17,0.25,0.25,6.45,22.15,12.65,26.52,9.06
2025-07-18,0.21,0.22,4.14,15.5,9.68,23.19,7.69
2025-07-19,0.19,0.19,2.0,11.62,9.04,15.02,5.39
2025-07-20,0.19,0.19,1.5,11.18,9.55,18.21,4.51
2025-07-21,0.18,0.19,4.0,17.83,12.25,26.84,4.54
2025-07-22,0.19,0.18,4.48,18.67,12.19,23.71,4.32
2025-07-23,0.23,0.23,5.21,24.0,16.5,16.17,4.74
2025-07-24,0.2,0.2,5.5,19.0,10.92,15.33,4.32
2025-07-25,0.2,0.19,2.8,18.15,14.5,20.64,7.78
2025-07-26,0.22,0.23,5.13,22.65,15.13,28.54,12.36
2025-07-27,0.22,0.21,1.74,10.43,8.22,23.56,12.33
2025-07-28,0.28,0.28,5.67,18.42,10.0,14.4,4.4
2025-07-29,0.27,0.27,3.35,12.61,7.91,16.2,5.46
2025-07-30,0.27,0.27,6.15,22.75,13.6,17.92,4.94
2025-07-31,0.27,0.26,4.83,17.79,10.79,12.45,4.25
2025-08-01,0.26,0.26,5.33,18.08,10.17,10.63,6.04
2025-08-02,0.26,0.26,2.96,13.92,9.83,9.93,4.98
2025-08-03,0.29,0.29,2.46,15.29,12.0,14.85,6.08
2025-08-04,0.35,0.34,4.42,24.05,17.95,19.36,8.24
2025-08-05,0.31,0.32,5.08,19.67,12.58,21.32,10.4
2025-08-06,0.28,0.28,2.78,15.74,11.91,16.38,5.55
2025-08-07,0.3,0.3,4.13,22.96,17.09,23.59,7.97
2025-08-08,0.25,0.25,3.36,20.59,15.82,23.18,7.67
2025-08-09,0.25,0.25,2.12,15.04,12.17,17.89,5.85
2025-08-10,0.33,0.29,3.25,23.0,18.58,21.52,8.93
2025-08-11,0.35,0.37,5.04,26.83,19.57,33.94,12.5
2025-08-12,0.33,0.34,3.27,24.0,19.59,38.23,15.06
2025-08-13,0.24,0.29,1.0,14.0,13.0,46.95,15.38
2025-08-21,0.28,0.27,4.5,24.33,18.08,22.42,12.56
2025-08-22,0.25,0.24,4.45,23.45,17.05,19.35,9.1
2025-08-23,0.24,0.23,2.88,16.17,12.21,20.56,8.37
2025-08-24,0.27,0.27,3.22,20.22,15.72,21.46,10.09
2025-08-25,0.3,0.31,4.26,19.87,13.91,25.93,17.42
2025-08-26,0.27,0.28,20.17,54.12,23.71,29.74,15.04
2025-08-27,0.22,0.21,5.59,22.36,14.14,27.92,11.36
2025-08-28,0.18,0.18,4.62,23.43,17.05,22.5,5.83
2025-08-29,0.16,0.16,4.7,22.4,15.8,30.22,5.86
2025-08-30,0.17,0.17,3.57,15.71,10.5,24.24,9.39
2025-08-31,0.15,0.16,3.21,18.25,13.92,14.63,7.86
2025-09-01,0.13,0.13,5.61,23.22,15.13,20.91,3.96
2025-09-02,0.12,0.11,4.5,22.79,16.46,28.41,6.36
2025-09-03,0.1,0.11,2.62,14.96,11.54,24.43,7.46
2025-09-04,0.12,0.11,4.1,17.65,11.75,28.25,8.99
2025-09-05,0.14,0.12,3.35,19.82,14.88,18.62,5.59
2025-09-06,0.1,0.12,2.25,16.25,13.17,17.37,7.27
2025-09-07,0.1,0.1,1.43,9.71,7.62,21.68,7.12
2025-09-08,0.14,0.13,6.64,29.32,19.82,20.87,7.02
2025-09-09,0.17,0.16,5.5,25.0,16.95,17.09,2.81
2025-09-10,0.23,0.21,7.41,30.59,19.88,19.06,4.78
2025-09-11,0.27,0.26,5.67,22.52,14.33,29.36,11.1
2025-09-12,0.27,0.27,7.35,29.5,18.75,23.51,7.34
2025-09-13,0.27,0.26,3.3,17.7,13.13,27.85,6.53
2025-09-14,0.27,0.28,2.79,15.74,11.95,27.65,7.49
2025-09-15,0.28,0.29,11.85,32.65,15.2,14.47,9.1
2025-09-16,0.26,0.26,6.57,25.3,15.74,20.11,5.16
2025-09-17,0.32,0.32,10.2,35.6,20.55,24.78,9.12
2025-09-18,0.4,0.39,9.79,39.33,25.12,27.52,12.77
2025-09-19,0.4,0.4,7.33,34.83,24.21,31.15,16.53
2025-09-20,0.27,0.29,1.76,13.0,10.62,26.22,14.07
2025-09-21,0.23,0.23,3.18,16.41,11.95,14.39,5.6
2025-09-22,0.24,0.23,6.29,28.58,19.46,11.69,3.14
2025-09-23,0.25,0.24,7.25,30.42,19.96,14.38,6.1
2025-09-24,0.27,0.27,8.04,34.38,22.88,13.39,5.63
2025-09-25,0.27,0.28,8.59,38.77,26.45,15.22,4.66
2025-09-26,0.18,0.18,5.58,26.75,18.92,16.65,3.73
2025-09-27,0.2,0.21,4.35,28.45,22.5,17.04,6.45
2025-09-28,0.24,0.26,3.81,22.71,17.57,24.21,9.96
2025-09-29,0.26,0.25,6.39,28.87,19.61,23.17,5.19
2025-09-30,0.22,0.22,6.04,30.17,21.58,18.04,7.57
2025-10-01,0.23,0.23,6.17,29.58,20.75,16.31,6.78
2025-10-02,0.26,0.23,7.72,34.0,22.83,23.0,8.57
2025-10-03,0.26,0.25,5.62,30.69,22.5,24.93,11.73
2025-10-04,0.2,0.21,4.85,23.15,16.35,25.25,8.82
2025-10-05,0.15,0.15,3.48,17.78,13.04,23.22,3.96
2025-10-06,0.2,0.2,10.81,33.81,17.95,22.02,3.55
2025-10-07,0.26,0.24,9.29,44.71,31.29,23.81,4.97
2025-10-08,0.21,0.22,7.36,29.36,18.82,28.49,8.14
2025-10-09,0.19,0.19,8.0,31.5,19.95,25.8,5.93
2025-10-10,0.18,0.17,9.35,33.43,19.61,21.28,7.14
2025-10-11,0.21,0.19,8.35,32.65,20.43,19.45,6.81
2025-10-12,0.19,0.21,3.69,21.92,16.77,22.15,9.3
2025-10-13,0.25,0.29,16.9,48.4,23.2,24.46,9.06
2025-10-14,0.27,0.25,4.73,26.82,20.18,29.77,12.64
2025-10-15,0.25,0.27,5.37,24.05,16.37,29.76,13.48
2025-10-16,0.23,0.25,3.14,19.29,15.21,24.25,10.34
2025-10-17,0.26,0.25,13.88,45.79,25.25,31.04,14.01
2025-10-18,0.19,0.21,5.9,32.1,23.48,27.41,12.1
2025-10-19,0.08,0.09,0.81,11.81,10.86,21.74,9.0
2025-10-20,0.15,0.14,6.25,26.08,16.83,19.02,8.46
2025-10-21,0.17,0.15,4.67,24.06,17.5,21.56,6.42
2025-10-22,0.17,0.18,9.65,32.04,17.83,23.43,7.68
2025-10-23,0.06,0.06,3.45,18.86,13.86,27.24,7.3
2025-10-24,0.11,0.1,6.0,33.74,25.09,35.77,6.43
2025-10-25,0.13,0.13,5.5,28.18,20.09,24.42,6.77
2025-10-26,0.09,0.09,2.42,17.71,14.54,13.99,3.19
2025-10-27,0.16,0.15,7.9,37.19,25.71,17.14,2.98
2025-10-28,0.24,0.21,19.88,65.53,36.18,21.88,6.08
2025-10-29,0.2,0.21,4.32,23.55,17.41,22.67,8.38
2025-10-30,0.36,0.35,8.46,35.33,23.08,20.49,6.27
2025-10-31,0.27,0.29,2.83,20.42,16.5,12.13,3.51
2025-11-01,0.29,0.29,2.5,15.25,11.79,12.25,4.68
2025-11-02,0.34,0.34,2.77,17.64,13.91,14.22,3.63
2025-11-03,0.37,0.37,10.71,39.33,23.62,22.54,5.11
2025-11-04,0.22,0.29,0.67,8.17,7.33,18.21,4.58
