Date,NO (µg/m3),NOX (µg/m3),NO2,O3 (µg/m3),OZONO,O3 8h (µg/m3),PM10,"PM2,5",SO2,D.vien (grados),H (%)
2024-01-01,0.96,8.13,6.22,60.22,60.22,58.35,12.0,5.75,3.91,196.78,56.3
2024-01-02,0.74,7.65,6.26,74.96,74.96,76.17,5.92,3.22,3.74,192.43,52.17
2024-01-03,2.65,25.48,21.22,56.22,56.22,58.52,12.31,3.91,3.7,239.91,77.96
2024-01-04,1.04,13.17,11.26,65.57,65.57,59.96,10.25,3.99,3.87,192.26,67.09
2024-01-05,0.83,9.26,7.87,79.26,79.26,81.0,4.9,1.83,3.83,247.39,86.87
2024-01-06,0.78,8.35,7.17,74.91,74.91,73.13,4.45,1.57,3.96,243.57,83.91
2024-01-07,0.91,16.13,14.39,55.52,55.52,61.3,4.47,1.54,4.0,177.65,89.39
2024-01-08,5.86,41.73,32.77,27.45,27.45,30.18,5.17,4.15,4.09,119.05,86.86
2024-01-09,1.0,20.25,18.25,20.25,20.25,24.0,8.06,6.49,4.0,156.0,95.0
2024-01-10,7.43,33.79,22.36,39.21,39.21,30.5,13.78,11.75,4.29,260.57,85.86
2024-01-11,4.81,36.69,29.25,24.12,24.12,31.81,8.46,6.7,5.81,162.69,86.69
2024-01-12,8.26,40.7,28.13,17.04,17.04,17.57,16.9,13.78,7.04,136.83,85.74
2024-01-13,1.74,17.47,14.89,46.37,46.37,38.37,12.29,9.33,7.0,170.32,52.89
2024-01-14,1.48,18.65,16.35,36.26,36.26,41.22,9.38,5.25,6.96,190.96,75.09
2024-01-15,1.7,22.74,20.13,31.74,31.74,31.52,6.79,4.6,6.87,210.7,87.04
2024-01-16,7.33,29.33,18.14,34.05,34.05,31.9,6.92,4.69,5.43,180.19,81.9
2024-01-17,0.04,4.87,4.74,74.96,74.96,70.48,6.39,3.88,3.83,194.13,50.61
2024-01-18,0.0,4.43,4.43,75.13,75.13,77.39,3.43,1.79,4.04,219.7,63.35
2024-01-19,0.74,14.43,13.13,45.78,45.78,48.35,4.78,3.23,4.3,51.74,71.35
2024-01-20,1.39,18.17,16.26,47.3,47.3,43.52,8.39,7.16,4.83,148.0,60.7
2024-01-21,0.35,7.7,7.04,62.87,62.87,63.3,5.05,4.12,4.91,180.65,46.61
2024-01-22,0.52,8.3,7.48,64.04,64.04,63.39,3.27,2.17,4.87,221.48,65.22
2024-01-23,4.0,29.22,23.09,31.61,31.61,39.78,5.55,2.9,4.91,166.35,83.39
2024-01-24,9.0,42.3,28.52,11.74,11.74,12.39,13.63,6.89,5.0,160.87,83.39
2024-01-25,2.7,27.6,23.5,27.9,27.9,28.25,17.66,9.44,4.95,222.4,79.4
2024-01-26,10.67,45.83,29.44,17.83,17.83,17.61,22.34,14.12,4.94,183.39,91.06
2024-01-27,9.39,40.52,26.09,19.57,19.57,13.48,24.83,17.68,5.52,148.52,75.22
2024-01-28,0.0,4.24,4.19,71.71,71.71,70.05,14.89,10.24,4.95,171.62,38.43
2024-01-29,0.04,5.48,5.35,68.26,68.26,68.83,10.96,6.18,5.13,175.13,47.57
2024-01-30,0.53,9.73,8.8,57.73,57.73,59.27,16.05,9.4,5.13,176.87,61.13
2024-01-31,4.82,36.14,28.68,34.05,34.05,39.91,17.59,11.64,4.27,171.09,70.18
2024-02-01,6.0,35.62,26.43,32.0,32.0,27.95,26.39,17.54,2.62,237.95,88.67
2024-02-02,1.0,18.71,17.19,48.19,48.19,47.29,18.78,11.96,2.19,165.19,93.29
2024-02-03,1.26,16.83,14.83,36.74,36.74,38.78,10.5,6.92,2.0,183.26,87.22
2024-02-04,0.86,13.43,12.19,28.38,28.38,28.29,16.84,12.96,2.0,135.86,90.57
2024-02-05,6.27,22.91,13.45,33.0,33.0,21.82,22.21,18.3,2.0,257.18,85.0
2024-02-06,1.52,26.09,23.65,40.48,40.48,44.39,24.3,17.14,2.0,171.57,81.91
2024-02-07,3.52,26.0,20.67,37.52,37.52,31.48,21.26,14.62,1.71,169.81,70.24
2024-02-08,0.0,5.32,5.23,64.14,64.14,61.82,24.44,12.51,1.32,173.73,47.27
2024-02-09,0.68,10.79,9.53,58.84,58.84,61.32,9.36,4.34,1.0,162.11,65.58
2024-02-10,0.52,4.52,3.65,81.83,81.83,78.7,4.82,1.26,1.61,269.09,73.17
2024-02-11,1.04,11.65,9.87,66.3,66.3,70.74,8.13,2.79,1.3,228.83,64.57
2024-02-12,0.65,9.57,8.3,69.3,69.3,70.22,6.56,2.98,1.13,224.39,75.78
2024-02-13,3.13,29.39,24.26,41.83,41.83,43.96,5.67,2.65,1.78,154.83,67.3
2024-02-14,1.41,15.82,13.5,52.36,52.36,47.64,5.33,2.92,1.59,160.0,56.09
2024-02-15,0.52,7.7,6.48,69.22,69.22,66.35,4.63,2.35,1.13,182.78,56.04
2024-02-16,0.87,10.43,8.91,75.09,75.09,79.0,5.65,1.98,1.39,259.43,87.0
2024-02-17,2.65,21.74,17.35,51.22,51.22,51.87,9.78,3.66,1.96,179.26,81.57
2024-02-18,1.96,16.91,13.7,51.43,51.43,48.22,9.76,4.75,2.09,201.65,77.83
2024-02-19,0.78,9.3,7.83,68.87,68.87,68.65,8.24,3.83,1.96,295.74,87.65
2024-02-20,1.96,25.74,22.39,47.91,47.91,52.91,11.06,3.34,2.0,120.17,76.17
2024-02-21,5.96,44.52,35.48,32.0,32.0,28.91,14.84,6.68,2.22,151.61,55.52
2024-02-22,0.74,6.52,5.26,79.04,79.04,74.04,11.99,5.78,1.65,222.39,59.91
2024-02-23,1.0,10.48,8.74,72.78,72.78,74.48,10.45,2.54,1.7,245.17,74.52
2024-02-24,0.96,11.43,9.74,72.65,72.65,75.83,4.81,1.45,1.65,222.61,79.83
2024-02-25,0.74,5.91,4.52,68.09,68.09,65.3,5.71,2.56,1.52,223.83,74.22
2024-02-26,0.64,7.23,6.05,71.77,71.77,71.23,8.7,2.91,1.32,270.82,82.09
2024-02-27,0.52,4.13,3.22,80.3,80.3,79.09,11.08,2.24,1.61,309.04,79.96
2024-02-28,1.0,17.96,16.09,63.91,63.91,70.3,11.49,2.24,1.91,227.09,77.48
2024-02-29,1.61,14.65,11.96,67.48,67.48,61.0,8.16,4.38,1.96,239.61,86.61
2024-03-01,1.09,10.91,9.17,71.26,71.26,72.17,6.91,2.69,1.87,216.22,70.17
2024-03-02,0.65,7.83,6.83,80.91,80.91,80.83,5.04,2.33,1.61,211.78,81.13
2024-03-03,0.78,7.87,6.43,79.96,79.96,82.0,4.79,1.86,1.87,255.83,78.91
2024-03-04,1.39,16.13,13.78,63.87,63.87,62.48,4.99,1.92,2.0,207.22,80.26
2024-03-05,1.04,13.22,11.43,71.04,71.04,73.7,7.86,2.74,1.96,247.43,76.09
2024-03-06,3.04,25.65,20.78,51.74,51.74,52.52,11.83,4.3,2.26,116.65,63.7
2024-03-07,0.61,8.48,7.43,87.0,87.0,81.43,9.95,4.33,2.17,140.13,42.57
2024-03-08,0.65,8.09,6.91,77.17,77.17,78.7,5.31,2.54,2.0,172.39,56.09
2024-03-09,0.48,4.3,3.57,83.91,83.91,82.57,2.92,1.41,1.87,167.17,52.96
2024-03-10,0.7,5.09,3.87,84.39,84.39,85.3,2.6,0.98,2.0,227.04,69.83
2024-03-11,0.91,9.48,7.74,81.52,81.52,82.83,5.43,2.31,2.17,254.22,86.26
2024-03-12,2.13,22.43,19.0,52.48,52.48,58.35,8.28,2.61,2.7,189.87,82.35
2024-03-13,4.96,31.78,24.0,43.74,43.74,39.43,7.64,3.47,2.96,116.91,60.43
2024-03-14,0.91,16.65,15.0,76.48,76.48,77.26,11.4,5.27,3.0,196.61,49.52
2024-03-15,5.91,34.91,25.78,50.87,50.87,52.7,15.62,7.68,3.17,214.13,69.48
2024-03-16,1.74,18.48,15.48,60.61,60.61,55.61,12.35,6.7,3.13,151.3,62.13
2024-03-17,0.74,9.13,7.83,68.57,68.57,70.96,10.63,6.17,3.09,230.17,68.35
2024-03-18,1.13,12.52,10.57,52.22,52.22,53.13,10.26,4.63,3.17,90.52,84.57
2024-03-19,1.09,11.17,9.17,54.43,54.43,55.13,11.21,5.56,3.39,283.87,93.87
2024-03-20,1.0,10.78,8.87,55.39,55.39,55.13,12.38,7.75,3.04,279.43,95.39
2024-03-21,1.22,13.78,11.61,57.22,57.22,57.78,10.85,5.78,3.22,248.17,92.22
2024-03-22,3.36,16.91,11.64,47.91,47.91,42.86,15.86,10.58,3.27,257.41,95.55
2024-03-23,0.48,5.71,4.81,78.62,78.62,78.1,14.23,7.17,3.05,249.86,75.05
2024-03-24,0.26,6.39,5.7,81.57,81.57,84.3,10.38,2.42,3.17,230.39,68.96
2024-03-25,2.48,16.26,12.3,63.91,63.91,60.39,11.21,3.66,3.09,209.61,83.61
2024-03-26,2.52,19.0,15.0,66.57,66.57,73.22,8.88,3.11,3.09,211.13,80.26
2024-03-27,2.83,19.22,14.78,68.39,68.39,60.7,8.26,3.28,4.83,206.26,58.65
2024-03-28,0.65,7.87,6.74,85.96,85.96,88.83,5.96,1.83,3.13,187.57,49.09
2024-03-29,0.7,12.43,11.04,77.57,77.57,78.09,2.79,0.73,3.09,166.0,75.52
2024-03-30,0.57,6.87,5.78,78.35,78.35,76.65,2.47,1.1,3.04,133.78,59.83
2024-03-31,3.3,19.04,13.74,62.43,62.43,67.96,2.61,0.9,3.96,192.74,74.17
2024-04-01,1.43,16.83,14.52,75.0,75.0,73.04,3.12,1.24,3.43,215.13,63.48
2024-04-02,0.9,15.71,13.95,70.29,70.29,69.1,3.84,1.54,3.62,174.52,56.19
2024-04-03,1.48,19.57,17.22,75.3,75.3,74.0,4.98,2.27,3.96,230.04,48.04
2024-04-04,0.91,9.91,8.39,84.52,84.52,82.43,7.05,3.18,4.13,175.83,40.65
2024-04-05,0.57,8.78,7.65,96.96,96.96,94.0,7.58,3.46,3.96,144.87,31.26
2024-04-06,0.35,7.39,6.91,98.61,98.61,102.22,15.26,5.6,3.91,148.13,31.87
2024-04-07,1.1,13.6,11.5,68.5,68.5,72.85,37.05,13.79,4.0,147.8,74.65
2024-04-08,3.57,18.57,13.14,69.76,69.76,64.95,21.24,9.04,4.0,232.43,72.86
2024-04-09,0.65,6.78,5.57,84.74,84.74,87.26,7.64,1.86,4.04,261.78,81.78
2024-04-10,4.0,22.43,16.1,53.62,53.62,58.43,11.95,2.96,3.14,232.95,78.62
2024-04-11,4.09,22.48,15.78,52.52,52.52,53.91,12.67,3.64,2.04,220.39,77.52
2024-04-12,3.52,25.0,19.3,51.87,51.87,50.48,15.34,6.15,2.0,186.7,71.96
2024-04-13,1.29,22.57,20.21,79.43,79.43,77.79,20.26,11.38,2.0,181.93,67.43
2024-04-14,1.18,11.59,9.55,76.73,76.73,76.18,22.64,13.72,2.0,237.73,76.27
2024-04-15,0.81,5.95,4.52,77.52,77.52,76.62,10.02,5.58,1.24,282.52,87.86
2024-04-16,0.52,5.09,4.13,95.87,95.87,93.04,8.21,2.04,1.26,282.26,82.74
2024-04-17,0.48,4.48,3.7,98.04,98.04,98.17,9.93,2.29,1.13,297.65,76.57
2024-04-18,0.61,6.39,5.35,84.0,84.0,89.04,6.73,1.33,1.39,279.7,76.83
2024-04-19,3.3,21.57,16.26,59.65,59.65,58.91,8.33,3.58,1.87,145.35,70.91
2024-04-20,1.7,15.39,12.57,66.57,66.57,65.74,12.75,5.93,1.87,217.83,74.61
2024-04-21,0.74,7.26,6.04,74.52,74.52,71.52,10.85,4.85,1.78,216.74,63.0
2024-04-22,0.61,8.26,7.17,85.57,85.57,82.57,7.92,3.03,1.87,219.57,54.26
2024-04-23,0.48,8.17,7.22,91.26,91.26,90.39,6.31,2.7,1.91,263.09,73.09
2024-04-24,1.0,12.67,10.87,88.33,88.33,89.67,8.39,3.51,1.87,260.6,69.87
2024-04-26,3.05,22.05,17.2,52.7,52.7,49.6,7.97,3.52,1.85,187.65,82.5
2024-04-27,1.09,8.7,6.87,79.83,79.83,77.04,6.99,3.44,1.74,210.48,78.26
2024-04-28,1.13,8.43,6.61,74.96,74.96,73.13,4.51,1.51,1.91,247.7,71.91
2024-04-29,1.52,17.3,14.83,66.48,66.48,68.52,9.4,3.32,2.04,250.52,84.57
2024-04-30,2.39,16.04,12.3,67.74,67.74,62.48,9.72,4.08,2.09,216.43,71.26
2024-05-01,0.57,6.0,4.91,82.13,82.13,83.74,5.82,2.22,1.96,253.61,89.61
2024-05-02,1.13,11.87,9.91,74.61,74.61,78.09,6.32,1.48,2.0,235.96,74.39
2024-05-03,1.7,20.7,17.87,63.7,63.7,64.52,6.45,2.39,2.35,173.43,63.35
2024-05-04,2.09,18.3,15.09,59.26,59.26,56.48,5.44,2.54,2.13,197.74,60.39
2024-05-05,1.3,10.52,8.3,66.7,66.7,63.65,3.82,1.88,2.0,201.74,79.48
2024-05-06,1.0,13.52,11.9,79.19,79.19,79.43,5.04,1.67,2.19,256.81,85.38
2024-05-07,0.48,5.74,4.96,87.3,87.3,87.87,9.39,2.43,2.09,284.43,86.7
2024-05-08,0.61,7.83,6.78,80.7,80.7,85.35,11.07,4.38,2.65,298.52,86.3
2024-05-09,4.32,21.21,14.58,52.16,52.16,45.05,13.79,8.56,2.89,246.68,85.58
2024-05-10,16.53,53.0,27.71,59.24,59.24,44.35,18.33,11.89,3.18,186.06,62.18
2024-05-11,4.06,30.61,24.22,64.0,64.0,70.94,21.76,14.11,3.0,198.83,80.61
2024-05-12,0.43,7.71,6.86,83.0,83.0,83.33,16.2,10.89,2.71,260.52,87.62
2024-05-13,3.87,23.87,17.91,55.61,55.61,50.78,12.11,6.15,2.87,188.48,80.87
2024-05-14,1.78,16.09,13.13,54.87,54.87,59.3,8.22,3.76,2.7,238.74,85.43
2024-05-15,2.48,19.26,15.17,48.04,48.04,49.61,5.62,2.36,2.74,212.61,81.83
2024-05-16,3.35,23.09,17.87,47.26,47.26,47.35,6.19,2.88,2.91,208.96,77.43
2024-05-17,2.26,19.7,16.0,54.0,54.0,51.74,8.64,4.36,3.0,249.57,84.7
2024-05-18,1.43,15.13,12.65,51.13,51.13,52.09,6.86,3.63,2.96,211.7,81.74
2024-05-19,0.96,10.48,8.96,56.65,56.65,52.57,7.8,4.51,2.65,254.43,93.35
2024-05-20,1.67,14.1,11.48,64.95,64.95,67.9,4.86,2.34,2.86,253.67,89.24
2024-05-21,1.3,12.48,10.26,72.78,72.78,72.0,15.02,6.07,2.96,256.26,80.3
2024-05-22,2.67,22.48,18.38,50.29,50.29,53.62,9.63,4.3,3.14,212.43,85.86
2024-05-23,1.65,13.57,10.91,65.57,65.57,66.91,7.1,3.03,2.96,266.83,78.39
2024-05-24,2.43,17.57,13.65,58.13,58.13,56.57,8.09,3.03,3.04,260.78,78.22
2024-05-25,2.22,15.09,11.39,63.83,63.83,57.57,9.79,5.34,3.22,225.35,75.09
2024-05-26,0.96,7.39,5.61,65.7,65.7,68.13,10.2,6.21,3.0,262.96,86.78
2024-05-27,0.91,7.7,5.96,66.0,66.0,67.74,6.98,2.21,3.04,285.39,81.09
2024-05-28,2.39,14.96,10.96,61.04,61.04,59.3,6.79,2.34,3.3,231.65,77.39
2024-05-29,3.3,16.74,11.26,56.0,56.0,56.0,11.05,5.18,3.7,258.61,81.78
2024-05-30,0.87,6.7,5.04,60.09,60.09,55.43,8.96,4.71,3.26,286.96,88.61
2024-05-31,0.7,4.13,2.78,82.04,82.04,83.39,8.55,2.58,3.26,304.91,73.96
2024-06-01,0.7,5.35,4.0,73.35,73.35,71.87,8.33,3.49,3.35,308.61,80.43
2024-06-02,0.78,5.61,4.17,64.61,64.61,67.17,8.32,4.07,3.48,279.0,84.57
2024-06-03,1.41,10.05,7.64,56.86,56.86,54.82,10.94,7.36,2.32,284.36,85.95
2024-06-04,1.57,12.17,9.39,66.0,66.0,68.0,11.83,7.49,1.0,252.96,81.57
2024-06-05,2.12,15.0,11.41,53.18,53.18,57.0,16.43,10.45,1.06,228.59,81.59
2024-06-06,1.95,11.38,8.1,54.05,54.05,50.05,14.88,8.11,1.19,284.19,80.86
2024-06-07,1.86,12.9,9.86,52.57,52.57,51.62,16.03,9.2,1.62,250.95,85.0
2024-06-08,0.85,4.0,2.31,72.92,72.92,65.31,20.3,13.0,1.38,273.62,95.46
2024-06-09,0.76,3.19,1.86,73.0,73.0,74.86,12.13,6.62,1.38,287.52,85.95
2024-06-10,0.78,4.0,2.57,71.52,71.52,70.39,9.18,3.61,1.48,298.7,74.61
2024-06-11,1.13,7.57,5.61,58.09,58.09,59.3,8.11,3.39,1.35,265.57,86.04
2024-06-12,1.7,12.7,9.87,59.87,59.87,60.22,7.53,3.69,1.57,243.22,82.96
2024-06-13,2.09,12.91,9.39,63.74,63.74,60.26,9.36,5.15,1.87,193.65,67.13
2024-06-14,1.87,12.83,9.65,52.87,52.87,55.3,9.77,5.26,1.83,212.39,82.35
2024-06-15,0.96,6.57,4.91,62.39,62.39,62.09,8.31,3.32,1.78,248.52,74.17
2024-06-16,1.17,8.22,6.0,48.91,48.91,51.78,9.55,3.4,1.96,200.04,64.52
2024-06-17,3.09,17.22,12.35,50.22,50.22,46.13,9.76,4.74,1.96,246.57,69.91
2024-06-18,1.26,8.52,6.26,45.7,45.7,48.74,12.3,6.03,2.0,235.48,86.13
2024-06-19,2.17,10.17,6.52,54.0,54.0,51.61,6.53,2.9,2.04,262.83,86.09
2024-06-20,1.62,12.57,9.95,56.57,56.57,53.76,4.23,1.72,2.05,256.81,89.48
2024-06-21,1.0,8.57,6.52,61.61,61.61,64.04,5.95,2.82,2.3,264.48,90.09
2024-06-22,1.09,9.0,6.91,47.74,47.74,47.43,9.11,3.96,2.35,246.26,87.09
2024-06-23,1.0,6.52,4.52,35.96,35.96,39.52,7.49,3.17,2.13,242.04,97.61
2024-06-24,1.39,10.35,7.87,43.78,43.78,41.13,8.28,5.84,2.43,230.83,86.0
2024-06-25,2.78,15.5,11.17,53.56,53.56,45.5,13.51,8.22,2.61,231.33,80.94
2024-06-26,1.9,12.62,9.38,58.33,58.33,55.52,18.54,12.68,3.0,245.9,84.1
2024-06-27,1.18,8.05,5.82,57.59,57.59,58.86,16.12,11.88,2.95,253.14,93.27
2024-06-28,1.13,7.57,5.39,39.3,39.3,40.83,9.14,5.53,3.0,288.91,93.87
2024-06-29,1.0,6.09,4.09,60.35,60.35,59.35,7.35,2.55,2.96,262.65,93.74
2024-06-30,1.13,6.83,4.78,54.3,54.3,53.04,5.41,1.73,3.0,267.65,81.7
2024-07-01,1.3,8.43,6.0,44.52,44.52,44.39,5.75,2.86,3.0,272.91,90.83
2024-07-02,1.04,7.22,5.35,55.48,55.48,55.91,5.4,3.05,2.96,271.43,86.13
2024-07-03,2.1,10.86,7.33,56.0,56.0,56.05,8.63,4.83,3.0,261.38,75.19
2024-07-04,1.0,9.24,7.24,49.18,49.18,48.94,7.33,4.32,3.0,259.41,81.94
2024-07-05,1.83,10.17,7.04,41.22,41.22,40.26,7.51,4.36,3.04,235.3,84.61
2024-07-06,1.17,9.17,7.04,43.0,43.0,44.04,8.79,4.82,3.22,238.39,89.13
2024-07-07,1.17,8.61,6.39,43.96,43.96,42.17,7.52,2.34,3.13,207.22,73.7
2024-07-08,3.73,18.09,12.18,46.59,46.59,43.95,12.07,6.48,3.5,194.32,77.41
2024-07-09,2.45,13.64,9.59,34.09,34.09,39.86,15.98,10.63,3.77,251.23,87.0
2024-07-10,3.77,15.0,8.95,39.68,39.68,34.68,13.07,9.3,4.0,250.0,86.09
2024-07-11,1.83,9.7,6.57,46.09,46.09,45.17,17.18,14.09,4.0,257.57,84.87
2024-07-12,1.09,7.13,5.04,58.04,58.04,60.65,8.75,5.7,4.0,285.78,80.74
2024-07-13,1.3,9.91,7.7,47.3,47.3,45.17,7.07,3.18,3.96,212.26,75.7
2024-07-14,1.13,9.61,7.52,46.91,46.91,47.7,9.75,5.54,4.04,245.61,84.78
2024-07-15,1.53,13.12,10.35,42.82,42.82,47.82,13.52,8.42,4.0,228.71,80.29
2024-07-16,2.93,16.73,12.07,32.87,32.87,39.67,8.96,3.34,4.0,210.27,82.8
2024-07-17,1.39,12.35,10.0,50.87,50.87,50.52,12.83,5.87,4.26,229.87,77.52
2024-07-18,3.19,15.31,10.25,42.19,42.19,40.25,17.69,10.43,4.5,223.88,87.0
2024-07-19,2.1,11.7,8.3,48.3,48.3,50.0,20.64,13.14,4.1,225.1,85.5
2024-07-20,1.0,5.32,3.32,55.86,55.86,55.82,12.7,7.24,1.23,270.59,88.5
2024-07-21,1.0,3.35,1.43,69.13,69.13,69.09,12.7,3.73,1.0,282.87,71.83
2024-07-22,1.7,11.6,8.6,49.65,49.65,54.65,11.39,2.88,1.0,230.85,73.55
2024-07-23,2.57,13.7,9.52,47.43,47.43,47.13,12.65,6.09,1.26,244.0,82.0
2024-07-24,1.07,5.5,3.43,29.57,29.57,28.86,12.0,6.84,1.29,310.86,86.93
2024-07-25,1.04,3.57,1.52,42.57,42.57,39.83,6.97,3.94,1.3,300.91,87.26
2024-07-26,1.35,9.65,7.22,45.3,45.3,46.96,9.34,5.42,1.35,200.48,84.61
2024-07-27,1.09,7.09,4.96,33.17,33.17,35.0,10.39,5.6,1.3,228.87,88.78
2024-07-28,1.62,11.52,8.76,37.24,37.24,35.38,14.8,10.53,1.81,221.29,82.33
2024-07-29,1.31,5.44,3.0,57.88,57.88,54.5,35.05,26.29,2.12,288.25,90.31
2024-07-30,1.17,19.83,17.5,43.5,43.5,56.67,33.99,24.65,2.5,204.5,73.67
2024-07-31,1.25,5.62,3.25,72.5,72.5,66.88,35.1,22.64,2.88,289.25,85.75
2024-08-01,1.0,6.5,4.45,72.0,72.0,72.73,22.18,12.49,2.55,276.18,89.82
2024-08-02,1.26,7.43,5.13,57.61,57.61,61.0,9.71,2.98,2.17,273.43,81.57
2024-08-03,1.43,9.7,7.13,43.74,43.74,44.91,5.75,1.78,2.22,245.26,77.96
2024-08-04,1.22,8.74,6.43,43.0,43.0,42.61,9.55,5.61,2.3,234.52,78.83
2024-08-05,2.58,12.33,8.17,35.83,35.83,40.67,14.91,9.59,2.42,236.42,88.83
2024-08-06,1.08,9.92,7.83,34.25,34.25,45.42,13.28,8.72,2.5,233.08,90.25
2024-08-07,1.91,11.09,7.78,36.74,36.74,34.78,10.66,6.01,2.7,262.13,86.91
2024-08-08,1.65,10.61,7.74,51.96,51.96,49.48,12.12,5.01,2.78,238.78,80.83
2024-08-09,1.61,9.04,6.22,46.3,46.3,48.26,14.18,5.92,2.78,268.26,79.87
2024-08-10,1.39,10.22,7.78,47.78,47.78,46.91,10.32,4.19,2.96,224.57,83.87
2024-08-11,2.2,14.5,10.8,48.6,48.6,37.2,19.32,12.1,3.4,125.7,65.1
2024-08-13,1.0,4.56,2.56,50.11,50.11,45.33,8.6,4.38,3.0,280.78,91.0
2024-08-14,1.04,5.3,3.22,55.78,55.78,53.57,6.29,2.38,3.0,272.83,81.57
2024-08-15,1.26,7.35,5.0,51.83,51.83,54.87,9.93,2.17,2.87,260.26,72.91
2024-08-16,1.61,12.74,10.04,42.52,42.52,42.87,11.7,4.1,3.0,245.52,78.65
2024-08-17,1.52,7.52,4.83,37.57,37.57,37.83,10.83,4.59,2.96,241.78,81.52
2024-08-18,1.0,4.39,2.39,55.65,55.65,51.48,5.1,1.53,3.0,280.7,86.48
2024-08-19,1.83,13.09,10.09,50.7,50.7,52.52,9.73,3.26,3.0,212.96,77.22
2024-08-20,1.95,10.81,7.43,52.19,52.19,53.1,13.3,7.35,3.0,235.67,83.81
2024-08-21,1.0,8.61,6.61,56.96,56.96,59.17,12.89,5.85,2.96,209.48,73.17
2024-08-22,2.13,12.43,8.91,44.0,44.0,43.65,9.73,2.71,3.0,240.48,81.78
2024-08-23,1.96,13.17,9.87,49.3,49.3,48.65,11.11,4.63,2.87,222.39,75.61
2024-08-24,1.22,8.48,6.17,55.61,55.61,52.7,13.0,7.06,3.0,251.35,86.96
2024-08-25,1.04,6.35,4.35,55.91,55.91,56.48,7.06,2.85,3.0,208.83,76.17
2024-08-26,1.87,13.26,10.0,50.74,50.74,51.74,10.75,3.38,2.96,217.39,75.17
2024-08-27,2.87,15.48,10.78,56.74,56.74,52.0,13.62,5.84,3.0,209.52,75.04
2024-08-28,1.48,9.95,7.29,56.76,56.76,61.52,18.02,8.93,3.0,242.29,86.95
2024-08-29,1.69,14.69,11.77,35.92,35.92,40.31,13.18,5.36,3.0,217.54,96.46
2024-08-31,1.08,10.42,8.25,65.83,65.83,60.17,20.49,13.78,3.25,250.92,87.92
2024-09-01,1.83,10.39,7.33,56.83,56.83,48.0,16.78,9.21,3.28,237.22,86.06
2024-09-02,1.65,10.35,7.45,56.35,56.35,53.65,23.19,14.8,3.2,246.3,88.05
2024-09-03,1.0,4.0,2.0,68.0,68.0,64.0,17.33,11.72,3.0,226.0,99.0
2024-12-11,7.0,47.2,36.2,12.8,12.8,16.0,13.65,9.74,4.2,117.2,70.8
2024-12-12,15.22,61.17,37.96,13.91,13.91,15.26,13.28,8.81,5.17,119.96,71.96
2024-12-13,2.35,22.43,18.7,37.26,37.26,33.91,9.6,5.49,4.0,185.61,72.91
2024-12-14,1.65,14.13,11.39,48.78,48.78,44.48,8.59,5.29,3.91,245.17,86.0
2024-12-15,2.87,18.83,14.04,55.57,55.57,62.0,8.81,3.72,4.0,227.78,79.96
2024-12-16,5.43,31.65,23.13,33.78,33.78,28.48,11.07,5.73,4.22,167.26,65.87
2024-12-17,1.22,10.91,8.7,65.57,65.57,63.35,4.93,1.75,4.0,184.17,35.43
2024-12-18,1.14,9.32,7.18,63.68,63.68,65.09,22.24,6.7,4.0,195.5,46.27
2024-12-19,1.0,5.95,3.95,71.79,71.79,68.89,90.19,27.04,4.0,259.0,71.05
2024-12-20,2.0,19.05,15.95,58.77,58.77,64.36,13.78,5.26,4.0,238.77,85.91
2024-12-21,1.26,12.3,10.09,59.57,59.57,57.91,9.21,3.8,4.09,229.26,84.26
2024-12-22,1.0,4.7,2.7,74.43,74.43,70.43,10.71,4.74,3.96,271.09,83.87
2024-12-23,0.96,3.87,2.04,79.13,79.13,79.91,16.87,7.55,4.0,330.7,75.83
2024-12-24,1.0,6.91,4.91,71.65,71.65,75.04,11.29,4.13,4.0,263.04,98.91
2024-12-25,1.0,9.83,7.83,39.96,39.96,44.96,6.48,3.3,4.0,110.17,97.91
2024-12-26,3.35,22.35,17.35,17.13,17.13,20.09,11.45,6.38,4.0,161.43,94.35
2024-12-27,11.17,41.43,24.17,17.13,17.13,12.22,13.87,8.32,4.57,110.09,84.96
2024-12-28,5.17,27.65,19.74,36.96,36.96,40.22,12.62,6.56,4.87,194.74,71.7
2024-12-29,1.74,17.96,15.17,30.87,30.87,31.0,18.12,8.87,4.61,182.39,80.91
2024-12-30,6.88,31.29,20.76,16.47,16.47,16.59,13.55,8.72,5.06,165.88,81.41
2024-12-31,5.09,27.91,20.09,15.41,15.41,15.86,16.97,12.83,5.09,179.0,85.73
2025-01-01,1.24,10.95,8.62,55.67,55.67,48.52,13.38,11.3,5.1,178.95,55.48
2025-01-02,1.04,9.09,7.0,60.26,60.26,61.39,4.16,2.84,4.91,198.22,58.09
2025-01-03,1.13,11.3,9.04,54.57,54.57,55.22,5.5,3.76,4.91,190.91,79.65
2025-01-04,1.0,6.87,4.87,66.83,66.83,63.17,4.82,3.26,4.65,180.83,64.04
2025-01-05,1.0,4.61,2.61,73.09,73.09,74.57,5.04,3.34,4.35,168.22,52.35
2025-01-06,1.09,9.65,7.48,70.57,70.57,72.09,6.36,3.13,4.43,240.43,75.7
2025-01-07,1.13,8.74,6.61,62.3,62.3,61.09,5.39,2.31,4.61,192.43,64.26
2025-01-08,1.0,5.95,3.95,70.82,70.82,69.5,2.33,0.21,4.36,187.82,53.68
2025-01-09,1.17,14.52,12.35,58.78,58.78,64.43,4.34,1.93,4.48,226.61,80.52
2025-01-10,1.05,14.95,13.21,48.47,48.47,50.11,5.52,2.82,3.0,214.21,78.47
2025-01-11,0.04,3.87,3.78,68.04,68.04,65.3,8.71,4.49,2.0,243.96,92.17
2025-01-12,0.35,9.35,8.83,49.57,49.57,52.3,11.93,5.28,2.3,118.91,74.22
2025-01-13,3.22,26.39,21.48,36.91,36.91,37.17,10.78,7.09,3.26,214.52,77.96
2025-01-14,2.74,31.17,26.87,36.35,36.35,38.91,11.56,7.67,3.0,202.13,76.65
2025-01-15,3.17,28.89,23.89,38.56,38.56,32.61,17.13,11.27,3.11,218.33,81.56
2025-01-16,7.62,43.14,31.57,18.76,18.76,22.38,22.14,15.62,2.9,120.29,92.29
2025-01-17,11.86,49.64,31.5,15.29,15.29,14.0,19.5,14.1,3.14,153.07,80.14
2025-01-18,3.57,34.17,28.87,25.96,25.96,25.7,17.78,12.14,3.26,175.74,74.83
2025-01-19,1.16,16.37,14.58,48.84,48.84,44.53,13.78,10.23,3.05,164.58,58.21
2025-01-20,0.68,9.59,8.36,61.36,61.36,63.55,8.71,5.98,2.41,168.14,64.32
2025-01-21,0.61,10.43,9.48,54.78,54.78,54.7,6.74,4.45,2.17,158.22,65.43
2025-01-22,0.43,9.26,8.43,57.96,57.96,57.61,3.57,1.61,2.09,184.74,67.61
2025-01-23,1.04,18.09,16.22,52.52,52.52,56.65,6.58,2.85,2.26,187.13,85.61
2025-01-24,0.26,6.0,5.48,67.91,67.91,63.35,6.1,2.05,2.17,161.13,54.65
2025-01-25,0.26,7.78,7.3,67.96,67.96,69.09,3.17,1.25,2.22,202.96,74.57
2025-01-26,0.0,3.48,3.43,69.61,69.61,69.22,3.69,2.01,2.3,166.26,53.39
2025-01-27,0.91,12.87,11.52,68.65,68.65,67.0,6.62,2.89,2.17,205.65,72.61
2025-01-28,0.48,7.17,6.26,75.22,75.22,75.39,6.68,2.74,2.52,236.96,60.78
2025-01-29,0.26,6.65,6.13,70.04,70.04,70.09,5.74,2.5,2.26,184.13,59.22
2025-01-30,0.04,2.96,2.91,76.0,76.0,75.65,7.13,3.44,2.43,289.17,83.3
2025-01-31,2.57,23.61,19.83,50.26,50.26,56.43,11.85,5.05,2.87,210.7,78.87
2025-02-01,0.26,11.22,10.7,59.3,59.3,59.04,10.61,4.87,2.74,256.83,85.22
2025-02-02,0.87,13.26,11.91,54.48,54.48,49.7,9.64,4.97,3.0,212.87,82.39
2025-02-03,3.78,29.13,23.3,47.57,47.57,54.09,8.61,3.88,2.91,208.17,87.39
2025-02-04,4.3,30.17,23.39,34.87,34.87,33.52,14.6,7.85,3.13,179.57,81.87
2025-02-05,9.38,44.0,29.5,28.69,28.69,27.19,16.04,8.83,3.38,194.25,84.81
2025-02-06,3.77,26.14,20.23,42.14,42.14,36.45,22.22,14.62,3.18,218.45,88.95
2025-02-07,1.48,18.1,15.62,49.38,49.38,49.43,21.12,15.49,3.1,179.29,81.43
2025-02-08,0.83,14.61,13.3,54.83,54.83,57.17,7.46,4.6,3.39,209.39,81.96
2025-02-09,0.61,11.87,10.65,43.74,43.74,44.65,5.94,3.54,3.09,189.78,80.57
2025-02-10,1.87,17.57,14.48,45.3,45.3,41.74,4.92,3.1,3.22,164.61,67.0
2025-02-11,0.48,7.74,6.87,63.09,63.09,61.83,7.3,4.83,3.0,155.0,59.26
2025-02-12,1.22,14.04,12.09,61.48,61.48,63.04,8.71,5.28,3.0,246.26,83.83
2025-02-13,3.83,28.17,22.17,41.09,41.09,43.91,9.72,4.42,3.13,203.48,82.09
2025-02-14,4.35,29.17,22.35,32.22,32.22,33.26,10.18,5.27,3.13,119.87,88.78
2025-02-15,1.78,15.87,13.17,46.17,46.17,39.7,9.53,4.85,3.0,157.22,65.48
2025-02-16,0.57,8.13,7.22,64.87,64.87,67.0,8.08,4.38,3.04,237.57,63.48
2025-02-17,2.59,22.55,18.5,48.95,48.95,52.95,15.08,7.81,3.18,182.36,87.82
2025-02-18,0.65,11.91,10.87,68.35,68.35,61.91,16.75,9.46,3.04,155.57,53.43
2025-02-19,0.67,10.8,9.6,73.67,73.67,74.33,18.16,9.06,3.33,236.0,58.13
2025-02-20,0.42,15.0,14.42,62.17,62.17,62.08,18.59,9.44,3.33,172.58,57.75
2025-02-21,0.11,7.11,7.0,69.61,69.61,67.83,16.99,10.67,3.17,161.78,60.56
2025-02-22,0.77,14.05,12.91,63.64,63.64,69.18,10.39,5.52,3.41,220.55,80.09
2025-02-23,1.0,16.7,14.78,46.52,46.52,44.57,8.75,4.1,3.83,122.65,68.91
2025-02-24,0.39,9.57,8.7,68.22,68.22,67.7,7.14,2.57,3.65,208.96,54.61
2025-02-25,0.3,6.39,5.83,80.91,80.91,79.48,9.96,3.69,3.26,264.57,77.43
2025-02-26,1.83,19.13,16.26,62.96,62.96,67.43,10.47,4.14,3.78,226.39,74.43
2025-02-27,5.0,33.43,25.91,34.91,34.91,35.78,13.55,5.8,4.17,139.57,77.17
2025-02-28,6.65,32.39,21.87,35.96,35.96,34.26,17.34,8.95,4.09,210.09,84.39
2025-03-01,3.39,19.04,13.74,49.83,49.83,46.04,12.45,7.4,4.09,191.83,75.52
2025-03-02,0.91,19.04,17.43,48.43,48.43,52.57,9.67,6.53,4.3,104.87,65.65
2025-03-03,8.54,47.85,34.62,19.77,19.77,30.92,14.38,9.72,4.46,166.54,75.08
2025-03-04,3.06,32.67,27.89,37.28,37.28,37.5,21.36,13.06,4.33,81.61,80.83
2025-03-05,0.96,14.22,12.52,72.39,72.39,65.09,27.18,13.71,4.3,151.13,53.09
2025-03-06,0.17,6.39,6.17,80.17,80.17,79.17,21.96,8.68,3.94,144.11,54.11
2025-03-07,0.22,5.22,4.78,81.7,81.7,82.35,12.69,5.3,4.0,138.83,54.91
2025-03-08,0.0,4.57,4.52,80.65,80.65,79.96,5.16,1.97,3.83,125.74,60.91
2025-03-09,0.0,4.09,4.04,80.3,80.3,82.22,3.68,0.86,3.74,161.74,53.74
2025-03-10,0.35,6.91,6.3,74.3,74.3,73.96,2.03,0.04,4.26,148.39,50.57
2025-03-11,2.09,21.22,17.96,53.91,53.91,56.26,3.27,0.73,4.13,172.74,78.91
2025-03-12,0.57,11.26,10.26,74.3,74.3,71.87,5.35,2.4,4.0,248.09,86.87
2025-03-13,0.57,11.04,10.09,72.17,72.17,72.96,7.27,3.97,3.96,267.26,84.0
2025-03-14,1.17,11.35,9.43,72.0,72.0,69.04,6.34,3.89,4.09,237.78,71.91
2025-03-15,0.52,10.26,9.35,70.35,70.35,73.87,7.99,5.58,4.26,188.39,88.09
2025-03-16,0.43,10.17,9.39,66.57,66.57,66.87,9.73,7.96,4.48,212.22,81.22
2025-03-17,2.09,17.57,14.39,61.13,61.13,57.91,8.73,7.05,4.91,139.87,62.39
2025-03-18,0.9,11.62,10.19,73.62,73.62,73.33,5.34,2.21,4.9,128.57,53.9
2025-03-19,0.09,4.35,4.13,84.83,84.83,83.39,3.31,0.65,4.48,144.83,56.61
2025-03-20,0.05,5.45,5.36,86.36,86.36,87.82,12.79,4.34,4.45,138.91,51.36
2025-03-21,0.07,5.5,5.43,83.79,83.79,85.5,44.66,17.74,4.07,152.71,48.5
2025-03-22,0.43,5.39,4.65,77.7,77.7,77.78,3.7,0.55,4.35,217.57,71.17
2025-03-23,0.17,5.39,5.0,78.09,78.09,80.3,6.59,2.23,4.74,256.17,73.83
2025-03-24,0.26,7.87,7.35,66.87,66.87,65.13,10.86,4.81,4.61,259.91,94.22
2025-03-25,0.09,3.96,3.87,71.74,71.74,71.26,9.87,5.15,4.3,309.22,91.43
2025-03-26,0.33,7.17,6.5,77.28,77.28,76.44,17.16,12.45,4.72,280.78,78.94
2025-03-27,1.28,15.78,13.83,64.67,64.67,72.56,24.25,18.1,4.78,278.78,86.28
2025-03-28,0.05,3.86,3.71,84.33,84.33,83.67,13.18,9.16,4.71,292.1,82.0
2025-03-29,0.0,2.7,2.7,87.61,87.61,87.83,11.96,5.37,4.7,334.65,67.96
2025-03-30,0.3,8.13,7.65,69.52,69.52,72.13,13.53,4.98,4.96,254.39,73.3
2025-03-31,2.78,20.22,15.65,51.48,51.48,54.35,12.69,5.65,5.0,211.26,82.87
2025-04-01,5.35,27.48,19.35,48.0,48.0,43.83,13.8,6.94,5.09,218.22,75.57
2025-04-02,3.04,16.09,11.3,68.0,68.0,65.35,15.5,7.19,4.91,232.13,73.48
2025-04-03,0.0,4.8,4.8,89.3,89.3,86.0,9.21,3.96,4.9,133.4,63.2
2025-04-08,1.58,15.25,13.17,59.58,59.58,52.83,18.8,12.69,2.33,283.0,86.75
2025-04-09,5.41,22.53,14.94,57.0,57.0,47.65,26.12,20.68,2.82,252.12,89.47
2025-04-10,2.86,23.14,19.24,66.29,66.29,62.14,23.65,15.42,2.86,208.1,76.38
2025-04-11,2.22,13.72,10.56,83.33,83.33,77.56,16.42,8.57,2.33,133.72,49.39
2025-04-12,0.22,7.57,7.3,75.61,75.61,80.83,11.16,5.44,2.17,211.0,71.96
2025-04-13,0.09,5.52,5.48,83.09,83.09,82.43,12.85,8.23,2.17,250.35,90.52
2025-04-14,1.15,14.65,13.05,56.3,56.3,54.35,13.32,7.23,2.45,147.35,74.15
2025-04-15,0.26,8.74,8.48,78.26,78.26,78.48,8.86,3.43,2.35,258.39,80.91
2025-04-16,0.86,11.62,10.57,75.33,75.33,75.62,6.97,2.14,2.67,235.52,72.81
2025-04-17,0.13,8.78,8.65,73.0,73.0,74.83,6.45,2.29,2.74,229.91,67.35
2025-04-18,0.7,8.17,7.26,61.91,61.91,60.13,6.12,2.41,2.96,162.83,57.43
2025-04-19,0.22,5.39,5.22,74.74,74.74,75.22,3.46,0.86,2.35,189.91,73.83
2025-04-20,0.43,7.17,6.87,63.43,63.43,62.87,2.62,0.51,2.78,225.52,83.65
2025-04-21,0.48,6.74,6.26,68.48,68.48,67.83,7.46,3.15,2.78,244.0,84.83
2025-04-22,0.61,11.96,11.35,71.96,71.96,74.7,6.35,2.86,2.78,249.17,85.39
2025-04-23,0.75,10.94,10.0,50.06,50.06,56.56,9.02,4.06,3.0,245.5,88.06
2025-04-24,0.61,9.26,8.43,43.13,43.13,45.87,7.8,3.4,3.0,208.57,85.87
2025-04-25,1.78,10.17,7.7,47.74,47.74,41.96,10.59,4.78,3.04,242.52,83.61
2025-04-26,0.04,2.57,2.52,75.13,75.13,73.13,8.8,4.0,2.91,274.26,95.35
2025-04-27,0.0,5.04,5.04,79.09,79.09,84.17,9.68,5.11,2.87,264.61,89.83
2025-04-28,0.25,12.75,12.5,25.25,25.25,41.75,13.49,9.0,2.75,169.0,99.0
2025-04-29,0.18,5.47,5.35,91.65,91.65,89.53,8.61,3.02,3.12,130.76,40.76
2025-04-30,0.3,5.52,5.22,91.04,91.04,90.48,8.78,2.32,3.22,134.96,40.04
2025-05-01,0.22,7.87,7.78,77.35,77.35,82.57,10.93,3.74,3.22,244.22,60.7
2025-05-02,2.73,19.95,16.14,64.59,64.59,61.95,38.29,13.3,3.55,168.86,65.95
2025-05-03,0.0,6.27,6.27,81.67,81.67,83.47,28.01,10.08,3.13,227.33,67.47
2025-05-04,0.39,6.91,6.48,70.26,70.26,69.13,8.08,3.73,3.04,256.96,82.39
2025-05-05,0.17,3.57,3.35,79.0,79.0,78.3,9.38,4.29,3.0,309.7,76.7
2025-05-06,0.36,9.55,9.18,72.18,72.18,75.36,8.9,3.69,3.09,244.86,88.27
2025-05-07,1.0,11.74,10.39,67.04,67.04,65.65,8.27,4.12,3.26,247.43,79.09
2025-05-08,1.09,12.74,11.17,66.39,66.39,64.13,12.51,6.1,3.39,253.43,77.35
2025-05-09,3.79,27.29,22.0,37.43,37.43,43.0,15.31,8.34,3.57,193.57,88.86
2025-05-10,0.47,9.79,9.26,60.32,60.32,60.11,10.79,6.72,3.11,158.32,82.0
2025-05-11,0.17,6.39,6.22,72.35,72.35,67.96,8.1,3.7,3.26,246.0,77.04
2025-05-12,0.74,10.91,9.78,77.09,77.09,76.65,8.42,3.87,3.43,211.65,71.22
2025-05-13,2.09,16.74,14.04,40.17,40.17,45.61,10.17,4.94,3.43,185.83,85.7
2025-05-14,1.3,9.48,7.7,53.74,53.74,46.43,8.92,4.39,3.7,261.65,88.96
2025-05-15,0.0,2.65,2.65,79.87,79.87,78.04,8.32,4.08,3.17,283.96,92.39
2025-05-16,0.05,6.19,6.1,90.81,90.81,92.48,13.66,7.49,3.76,274.95,86.76
2025-05-17,0.63,9.11,8.37,67.74,67.74,63.21,21.55,13.58,3.74,253.11,83.68
2025-05-18,1.93,12.36,9.93,56.79,56.79,43.07,18.76,11.89,3.86,196.07,67.71
2025-05-19,0.19,4.76,4.62,87.14,87.14,83.95,15.7,8.79,3.48,280.95,87.29
2025-05-20,0.0,5.48,5.48,79.83,79.83,83.57,11.96,6.44,3.7,272.78,79.22
2025-05-21,1.09,9.65,8.22,62.83,62.83,61.09,12.21,6.96,3.96,257.52,81.7
2025-05-22,0.0,3.35,3.35,94.91,94.91,92.3,11.04,4.98,3.83,299.74,79.87
2025-05-23,0.87,10.48,9.35,71.65,71.65,73.7,8.97,3.97,4.0,251.43,81.96
2025-05-24,0.39,8.35,7.91,66.26,66.26,67.13,9.45,5.48,4.0,253.39,75.57
2025-05-25,0.52,6.48,5.87,68.96,68.96,67.35,8.5,4.98,4.22,244.91,77.13
2025-05-26,0.52,7.48,6.91,61.83,61.83,62.35,8.22,4.31,4.0,252.87,75.91
2025-05-27,0.96,11.61,10.43,55.3,55.3,56.43,11.21,4.71,4.09,237.87,75.0
2025-05-28,0.87,10.09,9.0,51.48,51.48,51.78,14.18,7.01,4.17,252.61,81.22
2025-05-29,1.96,15.09,12.57,47.3,47.3,47.43,13.46,6.72,4.43,210.43,77.61
2025-05-30,1.61,14.43,12.43,54.87,54.87,53.13,17.41,7.82,4.48,199.74,74.52
2025-05-31,0.09,3.64,3.55,55.27,55.27,57.55,15.9,9.52,4.09,297.18,94.45
2025-06-01,0.52,4.09,3.61,38.3,38.3,42.04,9.41,5.1,4.13,272.87,93.61
2025-06-02,1.19,14.95,13.67,35.48,35.48,36.0,9.19,3.97,4.52,184.14,94.9
2025-06-03,1.05,13.5,12.45,37.05,37.05,35.65,17.2,10.8,4.2,222.75,94.9
2025-06-04,1.06,10.83,9.22,45.28,45.28,47.61,12.85,7.02,4.56,234.72,88.83
2025-06-05,1.78,12.91,10.78,42.91,42.91,43.22,8.76,3.42,4.74,235.78,70.65
2025-06-06,2.09,12.83,9.91,31.74,31.74,31.04,7.75,2.37,4.83,250.7,78.22
2025-06-07,0.22,4.91,4.74,60.83,60.83,60.22,7.0,2.0,4.96,255.22,77.7
2025-06-08,0.26,6.35,6.13,58.22,58.22,56.09,7.0,2.0,4.96,227.0,75.35
2025-06-09,1.7,12.09,9.78,55.7,55.7,54.57,7.0,2.0,5.04,247.91,80.78
2025-06-10,2.0,14.09,11.18,47.45,47.45,43.91,7.0,2.0,5.09,256.27,86.45
2025-06-13,1.89,11.0,8.42,57.84,57.84,52.47,29.27,17.54,5.11,279.37,84.68
2025-06-14,0.85,6.25,5.35,54.6,54.6,53.9,22.44,13.96,4.95,243.55,93.45
2025-06-15,0.0,2.78,2.7,63.26,63.26,64.43,9.85,5.88,5.0,285.57,87.61
2025-06-16,1.65,10.43,8.0,50.78,50.78,49.43,12.38,6.06,5.0,244.96,81.78
2025-06-17,1.9,14.55,12.2,51.8,51.8,54.7,15.4,7.83,3.6,227.2,81.55
2025-06-18,1.18,12.71,11.12,69.76,69.76,69.06,16.08,9.1,1.82,215.88,77.47
2025-06-19,0.95,15.63,14.37,79.26,79.26,77.79,23.52,14.38,1.32,201.26,73.74
2025-06-20,1.61,16.43,14.39,56.78,56.78,57.74,29.63,16.19,1.26,197.3,70.78
2025-06-21,0.52,5.09,4.57,54.52,54.52,57.43,29.31,14.96,1.04,260.22,88.7
2025-06-22,0.29,4.06,3.59,47.41,47.41,46.47,18.81,10.57,1.12,275.47,90.71
2025-06-23,1.0,7.35,6.17,41.78,41.78,42.09,15.26,8.84,1.04,221.91,87.74
2025-06-24,2.41,13.53,10.29,45.06,45.06,48.41,18.63,10.44,1.47,199.82,86.94
2025-06-25,1.48,11.7,9.52,49.35,49.35,49.04,29.62,14.52,1.78,210.09,86.7
2025-06-26,1.38,12.62,10.95,45.62,45.62,49.0,19.53,8.87,1.48,240.19,80.48
2025-06-27,2.0,11.91,9.26,34.22,34.22,33.96,13.55,5.57,1.7,250.35,80.74
2025-06-28,0.78,7.65,6.78,38.83,38.83,38.35,12.13,6.16,2.04,240.83,81.43
2025-06-29,1.04,11.09,9.87,41.83,41.83,42.48,11.99,6.18,2.09,219.57,78.04
2025-06-30,0.78,9.3,8.17,57.87,57.87,52.57,14.91,7.54,2.04,252.0,80.0
2025-07-01,0.38,6.15,5.77,63.08,63.08,59.54,19.14,11.55,2.08,295.31,85.38
2025-07-02,0.3,3.9,3.45,53.05,53.05,50.75,11.86,7.06,2.05,292.85,90.8
2025-07-03,0.57,8.87,8.22,54.74,54.74,55.04,12.58,4.97,1.91,256.04,84.39
2025-07-04,1.43,11.09,9.17,48.26,48.26,48.65,15.82,6.66,2.0,248.74,84.61
2025-07-05,0.2,4.7,4.6,68.8,68.8,72.0,19.22,8.66,2.2,258.3,84.5
2025-07-06,0.22,4.52,4.3,62.39,62.39,67.78,13.63,6.0,2.09,262.96,79.48
2025-07-07,0.26,3.3,2.96,52.83,52.83,49.17,7.44,3.41,2.65,289.09,84.61
2025-07-08,0.91,9.39,8.26,57.43,57.43,58.65,10.65,4.27,2.09,249.39,71.09
2025-07-09,1.52,10.74,8.7,58.57,58.57,55.91,10.72,5.01,2.52,240.09,75.65
2025-07-10,1.17,12.3,10.96,71.87,71.87,69.96,15.39,8.62,2.35,227.39,74.39
2025-07-11,1.55,15.09,13.0,57.55,57.55,75.91,17.95,10.37,2.45,192.18,87.09
2025-07-12,0.45,8.0,7.5,64.91,64.91,63.27,19.05,12.48,2.59,234.41,86.18
2025-07-13,0.33,5.93,5.6,61.6,61.6,60.73,16.94,11.25,2.53,261.87,81.67
2025-07-14,1.17,9.96,8.39,38.52,38.52,40.04,13.43,8.03,2.39,252.48,92.65
2025-07-15,1.17,9.65,8.22,42.96,42.96,43.91,10.82,6.03,2.22,232.04,87.7
2025-07-16,1.22,9.17,7.72,43.72,43.72,42.0,19.26,11.87,2.67,228.06,79.89
2025-07-17,0.63,5.63,4.84,46.21,46.21,44.74,26.17,14.99,2.79,264.42,83.58
2025-07-18,0.45,6.65,6.1,42.65,42.65,44.05,15.1,10.13,2.65,268.55,80.95
2025-07-19,0.39,5.39,4.96,44.83,44.83,45.04,10.69,6.26,2.39,255.74,82.74
2025-07-20,0.04,4.22,4.17,56.65,56.65,55.91,8.17,3.69,2.39,255.52,76.61
2025-07-21,0.39,5.65,5.22,51.22,51.22,51.91,11.18,4.59,2.65,265.26,73.35
2025-07-22,0.74,8.0,7.09,46.3,46.3,45.91,9.96,4.08,2.83,241.65,75.7
2025-07-23,0.48,6.96,6.52,46.61,46.61,44.96,8.15,3.73,2.78,258.52,88.61
2025-07-24,0.57,4.65,4.13,57.78,57.78,57.78,5.86,2.58,2.65,297.39,80.39
2025-07-25,0.29,6.14,5.76,49.24,49.24,50.67,12.33,8.26,2.62,246.76,81.76
2025-07-26,0.83,8.83,7.78,37.13,37.13,36.57,18.77,13.63,2.87,248.26,84.78
2025-07-27,0.19,4.05,3.71,40.24,40.24,39.48,15.29,11.02,2.86,268.1,84.1
2025-07-28,0.13,3.35,3.22,54.7,54.7,50.7,7.03,3.6,2.87,319.17,81.52
2025-07-29,0.0,2.57,2.57,60.7,60.7,61.7,10.19,5.79,2.87,306.91,75.13
2025-07-30,0.61,7.43,6.65,25.22,25.22,28.35,7.4,3.62,3.0,249.83,87.39
2025-07-31,0.7,5.91,4.91,37.96,37.96,34.39,7.09,2.25,3.04,256.78,79.09
2025-08-01,0.78,7.0,5.87,38.48,38.48,40.0,6.23,3.51,3.09,243.04,79.7
2025-08-02,0.3,5.48,5.04,49.48,49.48,46.09,6.07,2.4,3.04,276.78,79.26
2025-08-03,0.22,6.52,6.35,55.3,55.3,54.57,11.46,5.68,3.39,246.78,80.26
2025-08-04,0.86,11.05,9.81,63.62,63.62,63.38,13.81,7.84,3.33,208.9,78.1
2025-08-05,0.67,8.73,7.87,42.87,42.87,49.4,15.84,10.03,3.33,246.53,82.8
2025-08-06,1.61,11.74,9.52,46.57,46.57,42.61,10.5,5.59,3.43,236.22,80.22
2025-08-07,1.22,11.48,9.74,57.96,57.96,56.35,15.83,7.51,3.7,235.17,78.35
2025-08-08,0.83,10.22,9.26,59.83,59.83,61.7,15.53,6.92,3.78,248.04,77.13
2025-08-09,0.35,8.13,7.57,46.91,46.91,47.78,12.38,5.86,3.83,255.52,81.43
2025-08-10,0.59,7.59,7.06,41.06,41.06,37.29,13.32,8.16,3.94,217.53,80.59
2025-08-11,1.05,12.33,10.76,62.9,62.9,61.24,29.78,15.93,4.14,207.62,74.33
2025-08-12,1.21,14.63,13.21,59.42,59.42,57.89,34.8,19.8,4.11,185.11,74.26
2025-08-13,0.35,10.5,10.05,55.1,55.1,57.95,36.61,20.37,4.05,218.2,78.4
2025-08-14,0.43,9.57,9.17,49.22,49.22,46.43,28.86,18.16,4.17,209.0,83.78
2025-08-15,1.14,13.71,12.05,65.05,65.05,61.05,28.09,18.45,4.62,107.81,58.05
2025-08-16,0.14,5.76,5.71,67.95,67.95,66.43,38.54,23.8,4.76,247.67,86.86
2025-08-17,0.0,4.15,4.15,58.8,58.8,61.35,28.58,20.56,4.2,233.75,90.65
2025-08-18,0.62,8.19,7.62,50.56,50.56,53.56,20.23,13.97,2.44,227.0,90.38
2025-08-19,1.86,14.57,12.29,22.57,22.57,31.0,17.98,11.74,1.0,215.71,89.71
2025-08-20,1.39,10.72,9.11,45.17,45.17,39.44,14.01,8.23,1.0,253.0,91.22
2025-08-21,0.13,6.35,6.26,67.3,67.3,68.09,11.88,7.31,1.0,270.0,89.39
2025-08-22,1.3,12.04,10.13,46.65,46.65,48.13,14.74,8.23,1.09,237.96,80.7
2025-08-23,1.04,10.39,9.13,57.0,57.0,54.52,13.06,6.12,1.22,233.17,79.78
2025-08-24,0.77,10.0,9.0,58.32,58.32,55.32,15.56,8.37,1.32,226.55,81.73
2025-08-25,2.32,11.26,7.95,69.89,69.89,59.63,18.52,11.76,1.53,272.47,83.84
2025-08-26,0.29,7.86,7.52,65.14,65.14,68.81,18.92,12.73,1.48,247.38,87.29
2025-08-27,0.96,10.17,8.91,38.04,38.04,37.83,12.18,6.13,1.13,222.96,92.91
2025-08-28,0.3,7.91,7.43,52.0,52.0,53.3,12.32,5.86,1.13,246.04,81.83
2025-08-29,0.52,6.48,5.78,52.57,52.57,51.39,11.84,4.29,1.09,253.61,76.04
2025-08-30,0.61,7.48,6.78,39.09,39.09,41.74,10.9,4.79,1.35,243.7,77.39
2025-08-31,0.52,8.35,7.7,35.3,35.3,34.74,6.0,2.36,1.13,217.35,92.61
2025-09-01,0.81,9.38,8.33,41.67,41.67,41.95,10.3,3.65,1.24,239.62,80.48
2025-09-02,0.7,10.52,9.57,43.57,43.57,44.39,11.71,4.02,1.48,208.39,73.22
2025-09-03,0.52,6.57,6.0,54.57,54.57,52.48,13.54,4.72,1.7,217.65,65.91
2025-09-04,0.3,6.13,5.87,48.13,48.13,50.48,14.01,5.71,1.65,251.65,83.65
2025-09-05,2.09,14.57,11.83,35.26,35.26,36.39,10.7,4.15,1.91,115.43,77.7
2025-09-06,0.61,6.96,6.3,64.91,64.91,60.09,13.19,4.66,2.04,148.35,49.65
2025-09-07,0.06,2.47,2.41,67.12,67.12,70.12,18.8,5.1,2.0,217.82,65.71
2025-09-08,0.43,8.43,7.83,47.65,47.65,50.39,9.52,3.86,1.87,241.7,93.74
2025-09-09,0.83,10.7,9.7,38.91,38.91,40.39,9.69,3.03,2.0,227.61,83.17
2025-09-10,1.91,12.57,9.91,35.61,35.61,31.48,11.7,3.79,1.91,211.96,84.04
2025-09-11,1.09,8.87,7.39,48.78,48.78,48.13,17.57,7.47,1.96,243.43,76.57
2025-09-12,0.57,8.78,8.17,47.17,47.17,45.35,11.2,4.39,2.0,244.83,80.04
2025-09-13,0.39,8.17,7.61,45.61,45.61,46.3,16.83,6.04,1.91,253.57,81.57
2025-09-14,0.87,10.61,9.61,34.17,34.17,36.39,13.01,5.91,2.13,213.7,75.87
2025-09-15,2.78,14.09,10.04,33.3,33.3,30.48,8.65,2.92,2.17,236.74,87.78
2025-09-16,1.57,14.29,12.24,34.33,34.33,38.81,12.11,4.32,2.14,123.95,82.19
2025-09-17,5.22,21.52,13.87,34.35,34.35,30.78,17.21,6.21,2.3,205.74,83.57
2025-09-18,1.25,14.7,13.2,48.3,48.3,46.85,16.78,8.51,2.3,190.75,83.2
2025-09-19,2.18,22.12,19.29,56.76,56.76,53.12,23.1,12.14,2.71,129.53,59.41
2025-09-20,0.0,3.1,3.05,69.43,69.43,70.52,19.41,6.79,2.29,237.52,72.24
2025-09-21,0.13,4.48,4.35,56.0,56.0,56.13,6.83,2.39,2.26,242.09,90.78
2025-09-22,0.52,9.78,9.13,48.35,48.35,50.74,4.66,1.12,2.35,223.61,79.39
2025-09-23,2.39,16.35,13.13,36.52,36.52,36.61,6.32,2.16,2.78,219.7,80.65
2025-09-24,1.91,18.52,16.13,29.96,29.96,30.48,6.34,2.49,2.91,171.43,87.87
2025-09-25,5.43,31.7,23.87,17.48,17.48,16.61,7.85,2.92,2.91,162.26,90.52
2025-09-26,2.35,18.26,15.17,41.52,41.52,40.65,6.63,2.3,3.04,198.87,77.83
2025-09-27,1.74,19.91,17.83,43.74,43.74,43.65,6.0,2.0,3.04,139.74,67.96
2025-09-28,1.17,12.78,11.3,53.39,53.39,49.91,6.0,2.0,2.91,253.48,78.87
2025-09-29,0.52,11.96,11.48,57.96,57.96,61.13,6.0,2.0,2.83,271.87,80.04
2025-09-30,2.76,18.06,14.06,43.59,43.59,34.88,6.0,2.0,2.94,240.35,79.53
2025-10-03,10.0,49.4,35.0,13.8,13.8,24.4,18.46,9.93,3.6,163.4,80.2
2025-10-04,0.14,4.29,4.14,61.57,61.57,51.5,13.34,7.94,3.0,274.0,88.86
2025-10-05,0.65,7.78,6.91,47.74,47.74,53.17,11.85,4.63,3.04,265.09,81.0
2025-10-06,3.17,19.17,15.0,28.0,28.0,27.17,12.07,4.12,3.22,107.83,76.26
2025-10-07,3.13,24.35,20.04,36.52,36.52,34.78,15.9,5.63,3.48,185.43,74.96
2025-10-08,1.53,11.53,9.42,55.79,55.79,52.0,15.95,5.99,3.84,257.26,84.11
2025-10-09,1.0,12.74,11.39,50.0,50.0,53.52,13.56,5.8,3.48,251.83,84.43
2025-10-10,2.39,18.83,15.61,31.57,31.57,33.78,12.52,6.1,3.83,213.74,82.57
2025-10-11,2.43,18.3,14.96,30.65,30.65,29.26,13.43,6.91,3.91,197.0,83.13
2025-10-12,1.35,16.78,15.09,36.0,36.0,34.7,14.5,7.31,3.91,149.61,76.13
2025-10-13,4.52,27.78,21.13,43.0,43.0,43.83,13.12,5.99,3.91,212.35,75.87
2025-10-14,7.23,30.54,19.77,24.62,24.62,20.46,17.2,8.55,4.0,189.31,85.23
2025-10-15,2.61,16.0,12.26,39.35,39.35,36.7,23.41,14.92,4.0,218.3,86.83
2025-10-16,1.67,16.11,13.72,42.17,42.17,41.22,20.64,13.2,3.94,211.33,84.56
2025-10-17,3.83,23.61,18.26,29.7,29.7,32.48,26.19,17.62,3.87,211.22,87.0
2025-10-18,1.25,14.95,13.5,48.0,48.0,41.0,24.03,14.65,3.95,153.75,66.75
2025-10-19,0.0,3.95,3.95,70.71,70.71,72.24,18.41,7.54,3.76,162.62,57.71
2025-10-20,1.35,14.52,12.83,43.87,43.87,47.52,9.84,3.33,3.91,219.26,80.3
2025-10-21,0.91,11.0,9.91,46.14,46.14,47.0,7.49,2.46,4.0,232.41,74.41
2025-10-22,1.52,11.83,9.83,41.83,41.83,39.09,8.79,2.93,3.96,209.09,63.83
2025-10-23,0.0,4.0,4.0,69.7,69.7,68.55,14.97,5.51,3.95,269.2,70.2
2025-10-24,0.7,17.55,16.8,48.75,48.75,51.9,19.12,7.69,4.0,221.9,69.45
2025-10-25,0.3,9.17,8.7,50.65,50.65,46.0,11.07,4.68,4.09,228.26,80.3
2025-10-26,0.04,7.35,7.3,54.78,54.78,58.09,6.48,2.2,4.0,243.96,83.09
2025-10-27,0.91,19.7,18.65,39.35,39.35,42.7,8.2,2.7,4.0,211.96,79.13
2025-10-28,3.52,27.39,22.61,32.52,32.52,27.61,11.75,4.41,4.65,138.7,65.3
2025-10-29,0.15,6.85,6.75,62.8,62.8,61.5,9.83,2.88,4.05,203.2,67.75
2025-10-30,1.26,12.61,11.09,48.13,48.13,46.0,9.21,3.48,4.04,177.52,69.43
2025-10-31,0.3,7.7,7.52,63.0,63.0,61.91,6.41,1.98,4.04,136.7,51.48
2025-11-01,0.0,4.17,4.13,60.87,60.87,62.0,4.39,1.25,4.17,242.65,81.7
2025-11-02,0.17,6.35,6.17,52.13,52.13,51.3,4.9,1.79,4.57,230.96,80.3
2025-11-03,1.87,19.35,16.96,38.52,38.52,37.52,9.14,3.38,4.3,140.7,68.74
2025-11-04,0.0,3.0,3.0,67.8,67.8,62.6,9.32,2.93,4.0,151.6,45.2
